kode_prodi,jenjang,bidang,jumlah_prodi,nama_teratas,kesepakatan,perlu_cek,jurusan_usulan,jurusan
86244,S1,Agama,1,Agama Buddha (1),100%,,Agama Buddha,Studi Agama Buddha
76232,S1,Agama,15,Aqidah dan Filsafat Islam (14); Akidah dan Filsafat Islam (1),93%,,Aqidah dan Filsafat Islam,Aqidah dan Filsafat Islam
76237,S1,Agama,18,Aqidah dan Filsafat Islam (16); Agama dan Budaya (1); Falsafah dan Agama (1),89%,,Aqidah dan Filsafat Islam,Aqidah dan Filsafat Islam
76243,S1,Agama,2,Aqidah dan Filsafat Islam (2),100%,,Aqidah dan Filsafat Islam,Aqidah dan Filsafat Islam
86224,S1,Agama,1,Biblika (1),100%,,Biblika,Teologi
86212,S1,Agama,7,Bimbingan dan Konseling Kristen (4); Bimbingan Konseling Kristen (1); Konseling Pastoral (1),57%,ya,Bimbingan dan Konseling Kristen,Bimbingan dan Konseling Kristen
86225,S1,Agama,1,Bimbingan dan Konseling Kristen (1),100%,,Bimbingan dan Konseling Kristen,Bimbingan dan Konseling Kristen
70240,S1,Agama,8,Bimbingan dan Konseling Pendidikan Islam (8),100%,,Bimbingan dan Konseling Pendidikan Islam,Bimbingan dan Konseling Islam
70210,S1,Agama,2,Bimbingan Penyuluhan Islam (2),100%,,Bimbingan Penyuluhan Islam,Bimbingan dan Konseling Islam
86221,S1,Agama,4,Bisnis dan Manajemen Buddha (4),100%,,Bisnis dan Manajemen Buddha,Bisnis dan Manajemen Buddha
87220,S1,Agama,25,Ekonomi (5); Pendidikan IPS (5); Tadris IPS (4),20%,ya,Ekonomi,Ekonomi
76239,S1,Agama,5,Filsafat Agama Hindu (2); Filsafat Hindu (2); Ilmu Filsafat Hindu (1),40%,ya,Filsafat Agama Hindu,Studi Agama Hindu
76132,S1,Agama,2,Filsafat Keilahian (2),100%,,Filsafat Keilahian,Teologi
74238,S1,Agama,5,Hukum Adat (5),100%,,Hukum Adat,Hukum Adat
74240,S1,Agama,1,Hukum Keluarga Islam (Ahwal Syakhshiyyah) (1),100%,,Hukum Keluarga Islam (Ahwal Syakhshiyyah),Hukum Keluarga Islam (Ahwal Syakhshiyyah)
74239,S1,Agama,14,Hukum Tatanegara (Siyasah Syar'iyyah) (8); Hukum Tata Negara (Siyasah Syar`iyyah) (2); Hukum Tatanegara (Siyasah Syar`iyyah) (2),57%,ya,Hukum Tatanegara (Siyasah Syar'iyyah),Hukum Tatanegara (Siyasah Syar'iyyah)
76131,S1,Agama,1,Ilmu Al-Qur`an dan Tafsir (1),100%,,Ilmu Al-Qur`an dan Tafsir,Ilmu Al-Qur'an dan Tafsir
76231,S1,Agama,164,Ilmu Al-Qur`an dan Tafsir (76); Ilmu Al-Qur'an dan Tafsir (40); Ilmu Al-Quran dan Tafsir (21),46%,ya,Ilmu Al-Qur`an dan Tafsir,Ilmu Al-Qur'an dan Tafsir
76235,S1,Agama,54,Ilmu Hadis (47); Ilmu Al-Qur'an dan Tafsir (2); Ilmu Alquran dan tafsir (2),87%,,Ilmu Hadis,Ilmu Hadis
76242,S1,Agama,1,Ilmu Tasawuf (1),100%,,Ilmu Tasawuf,Tasawuf dan Psikoterapi
76205,S1,Agama,1,Jurnalistik Islam (1),100%,,Jurnalistik Islam,Jurnalistik
70436,D3,Agama,2,Kepanditaan (2),100%,,Kepanditaan,Studi Agama Buddha
86259,S1,Agama,1,Komunikasi dan Penyiaran Khonghucu (1),100%,,Komunikasi dan Penyiaran Khonghucu,Komunikasi dan Penyiaran Khonghucu
86223,S1,Agama,3,Konseling Pastoral (3),100%,,Konseling Pastoral,Bimbingan dan Konseling Kristen
61218,S1,Agama,37,Manajemen Bisnis Syariah (37),100%,,Manajemen Bisnis Syariah,Manajemen Syariah
70239,S1,Agama,1,Manajemen Dakwah (1),100%,,Manajemen Dakwah,Manajemen Dakwah
76201,S1,Agama,11,Manajemen Haji dan Umrah (5); Manajemen Haji dan Umroh (5); Pendidikan Agama Islam (1),45%,ya,Manajemen Haji dan Umrah,Manajemen Haji dan Umrah
86237,S1,Agama,63,Manajemen Pendidikan Islam (62); Manajemen Pendidkan Islam (1),98%,,Manajemen Pendidikan Islam,Manajemen Pendidikan Islam
86246,S1,Agama,1,Manajemen Pendidikan Islam (1),100%,,Manajemen Pendidikan Islam,Manajemen Pendidikan Islam
86238,S1,Agama,3,Manajemen Pendidikan Kristen (3),100%,,Manajemen Pendidikan Kristen,Administrasi Pendidikan
77202,S1,Agama,9,Misiologi (5); Misi dan Komunikasi Kristen (3); Misiologi dan Komunikasi Kristen (1),56%,ya,Misiologi,Teologi
76202,S1,Agama,10,Pariwisata Budaya dan Keagamaan (4); Pariwisata Syariah (4); Pariwisata Budaya dan Agama (2),40%,ya,Pariwisata Budaya dan Keagamaan,Pariwisata
86248,S1,Agama,1,Pastoral (1),100%,,Pastoral,Teologi
74237,S1,Agama,13,Pemikiran Politik Islam (12); Politik Islam (1),92%,,Pemikiran Politik Islam,Pemikiran Politik Islam
86258,S1,Agama,1,Pendidikan Guru Keagamaan Kristen (1),100%,,Pendidikan Guru Keagamaan Kristen,Pendidikan Agama Kristen
86247,S1,Agama,1,Pendidikan Guru Madrasah Ibtidaiyah (1),100%,,Pendidikan Guru Madrasah Ibtidaiyah,Pendidikan Guru Madrasah Ibtidaiyah
86236,S1,Agama,100,Pendidikan Islam Anak Usia Dini (85); Pendidikan Kristen Anak Usia Dini (9); Pendidikan Kristen Untuk Anak Usia Dini (4),85%,,Pendidikan Islam Anak Usia Dini,Pendidikan Islam Anak Usia Dini
86239,S1,Agama,39,Pendidikan Islam Anak Usia Dini (39),100%,,Pendidikan Islam Anak Usia Dini,Pendidikan Islam Anak Usia Dini
74241,S1,Agama,1,Pendidikan Jarak Jauh Hukum Keluarga Islam (Ahwal Syakhshiyyah) (1),100%,,Pendidikan Jarak Jauh Hukum Keluarga Islam (Ahwal Syakhshiyyah),Hukum Keluarga Islam (Ahwal Syakhshiyyah)
80232,S1,Agama,1,Pendidikan Jarak Jauh Sejarah Peradaban Islam (1),100%,,Pendidikan Jarak Jauh Sejarah Peradaban Islam,Sejarah Peradaban Islam
86226,S1,Agama,1,Pendidikan Keagamaan Katolik (1),100%,,Pendidikan Keagamaan Katolik,Pendidikan Agama Katolik
86242,S1,Agama,8,Pendidikan Kristen Anak Usia Dini (8),100%,,Pendidikan Kristen Anak Usia Dini,Pendidikan Guru Pendidikan Anak Usia Dini
70238,S1,Agama,4,Pendidikan Penyuluh Agama (2); Bimbingan Penyuluhan Islam (1); Komunikasi dan Penyiaran Islam (1),50%,ya,Pendidikan Penyuluh Agama,Pendidikan Penyuluh Agama
88218,S1,Agama,1,Pendidikan Seni Keagamaan (1),100%,,Pendidikan Seni Keagamaan,Pendidikan Seni Keagamaan
83314,S1,Agama,2,Pendidikan Tata Busana (1); Pendidikan Vokasional Desain Fashion (1),50%,ya,Pendidikan Tata Busana,Pendidikan Tata Busana
61212,S1,Agama,35,Perbankan Syariah (34); Manajemen (1),97%,,Perbankan Syariah,Perbankan Syariah
73206,S1,Agama,6,Psikologi Islam (6),100%,,Psikologi Islam,Psikologi
80231,S1,Agama,2,Sejarah Peradaban Islam (2),100%,,Sejarah Peradaban Islam,Sejarah Peradaban Islam
86256,S1,Agama,1,Seni Budaya Buddha (1),100%,,Seni Budaya Buddha,Seni Budaya Buddha
76234,S1,Agama,21,Studi Agama-Agama (12); Studi Agama Agama (8); Perbandingan Agama (1),57%,ya,Studi Agama-Agama,Studi Agama-Agama
70241,S1,Agama,6,Studi Islam (6),100%,,Studi Islam,Studi Islam
70237,S1,Agama,1,Studi Islam Interdisipliner (1),100%,,Studi Islam Interdisipliner,Studi Islam
76236,S1,Agama,23,Tasawuf dan Psikoterapi (15); Ilmu Tasawuf (5); Akhlak dan Tasawuf (1),65%,ya,Tasawuf dan Psikoterapi,Tasawuf dan Psikoterapi
76241,S1,Agama,2,Tasawuf dan Psikoterapi (2),100%,,Tasawuf dan Psikoterapi,Tasawuf dan Psikoterapi
76244,S1,Agama,1,Tasawuf Dan Psikoterapi (1),100%,,Tasawuf dan Psikoterapi,Tasawuf dan Psikoterapi
54234,S1,Agama,1,Teknologi Hasil Ternak (1),100%,,Teknologi Hasil Ternak,Peternakan
77203,S1,Agama,5,Teologi (4); Teologi (Kependetaan) (1),80%,,Teologi,Teologi
77204,S1,Agama,14,Teologi (14),100%,,Teologi,Teologi
77201,S1,Agama,340,Teologi (Akademik) (218); Teologi (95); Ilmu Teologi (8),64%,ya,Teologi (Akademik),Teologi
76238,S1,Agama,2,Teologi Hindu (2),100%,,Teologi Hindu,Studi Agama Hindu
77205,S1,Agama,1,Terapan Ministri Kristen (1),100%,,Terapan Ministri Kristen,Teologi
76240,S1,Agama,1,Yoga Kesehatan (1),100%,,Yoga Kesehatan,Yoga Kesehatan
60202,S1,Agama;Ekonomi,272,Ekonomi Syariah (186); Ekonomi Islam (33); Ekonomi Syari`ah (24),68%,ya,Ekonomi Syariah,Ekonomi Syariah
63215,S1,Agama;Teknik,8,Logistik (5); Teknik Logistik (2); Logistik Kelautan (1),63%,ya,Logistik,Logistik
63415,D3,Ekonomi,3,Administrasi Bisnis (3),100%,,Administrasi Bisnis,Administrasi Bisnis
63321,D4,Ekonomi,1,Administrasi Bisnis Internasional (1),100%,,Administrasi Bisnis Internasional,Bisnis Internasional
61401,D3,Ekonomi,29,Administrasi Perkantoran (16); Manajemen Administrasi (7); Manajemen Perkantoran (4),55%,ya,Administrasi Perkantoran,Administrasi Perkantoran
61481,D3,Ekonomi,1,Administrasi Perkantoran (1),100%,,Administrasi Perkantoran,Administrasi Perkantoran
61303,D4,Ekonomi,2,Administrasi Perkantoran Digital (1); Manajemen Perkantoran Digital (1),50%,ya,Administrasi Perkantoran Digital,Administrasi Perkantoran
61305,D4,Ekonomi,4,Administrasi Perkantoran Digital (2); Manajemen Perusahaan (2),50%,ya,Administrasi Perkantoran Digital,Administrasi Perkantoran Digital
62201,S1,Ekonomi,690,Akuntansi (688); Akuntansi Lembaga Keuangan Syariah (1); Akuntansi Syariah (1),100%,,Akuntansi,Akuntansi
62208,S1,Ekonomi,1,Akuntansi (1),100%,,Akuntansi,Akuntansi
62209,S1,Ekonomi,1,Akuntansi (1),100%,,Akuntansi,Akuntansi
62210,S1,Ekonomi,1,Akuntansi (1),100%,,Akuntansi,Akuntansi
62211,S1,Ekonomi,1,Akuntansi (1),100%,,Akuntansi,Akuntansi
62213,S1,Ekonomi,1,Akuntansi (1),100%,,Akuntansi,Akuntansi
62281,S1,Ekonomi,1,Akuntansi (1),100%,,Akuntansi,Akuntansi
62301,D4,Ekonomi,28,Akuntansi (7); Akuntansi Manajerial (5); Akuntansi Perpajakan (5),25%,ya,Akuntansi,Akuntansi
62401,D3,Ekonomi,195,Akuntansi (191); Akuntansi K. Pekalongan (1); Akuntansi Perpajakan (1),98%,,Akuntansi,Akuntansi
62403,D3,Ekonomi,4,Akuntansi (4),100%,,Akuntansi,Akuntansi
62309,D4,Ekonomi,6,Akuntansi Bisnis Digital (6),100%,,Akuntansi Bisnis Digital,Akuntansi
62205,S1,Ekonomi,1,Akuntansi Keuangan Publik (1),100%,,Akuntansi Keuangan Publik,Akuntansi
60304,D4;S1,Ekonomi,6,Akuntansi Lembaga Keuangan Syariah (4); Keuangan dan Perbankan Syariah (1); Perbankan Syariah (1),67%,ya,Akuntansi Lembaga Keuangan Syariah,Akuntansi Syariah
62313,D4,Ekonomi,1,Akuntansi Lembaga Keuangan Syariah (1),100%,,Akuntansi Lembaga Keuangan Syariah,Akuntansi Syariah
62302,D4,Ekonomi,22,Akuntansi Perpajakan (17); Kebijakan Dan Manajemen Pajak (3); Kebijakan Dan Manajemen Perpajakan (1),77%,,Akuntansi Perpajakan,Akuntansi
62306,D4,Ekonomi,10,Akuntansi Perpajakan (4); Akuntansi (2); Akuntansi Bisnis Digital (1),40%,ya,Akuntansi Perpajakan,Akuntansi
62310,D4,Ekonomi,11,Akuntansi Perpajakan (11),100%,,Akuntansi Perpajakan,Akuntansi
62303,D4,Ekonomi,27,Akuntansi Sektor Publik (20); Akuntansi Keuangan Publik (5); Akuntansi Perpajakan (1),74%,,Akuntansi Sektor Publik,Akuntansi
62307,D4,Ekonomi,3,Akuntansi Sektor Publik (2); Akuntansi Perpajakan (1),67%,ya,Akuntansi Sektor Publik,Akuntansi
62308,D4,Ekonomi,3,Akuntansi Sektor Publik (3),100%,,Akuntansi Sektor Publik,Akuntansi
62311,D4,Ekonomi,2,Akuntansi Sektor Publik (2),100%,,Akuntansi Sektor Publik,Akuntansi
62202,S1,Ekonomi,57,Akuntansi Syariah (33); Akuntansi Syari`ah (21); Akuntansi Syari'ah (2),58%,ya,Akuntansi Syariah,Akuntansi Syariah
62204,S1,Ekonomi,6,Akuntansi Syariah (3); Perbankan Syariah (3),50%,ya,Akuntansi Syariah,Akuntansi Syariah
61310,D4,Ekonomi,5,Analisis Keuangan (3); Analis Keuangan (2),60%,ya,Analisis Keuangan,Keuangan dan Perbankan
49206,S1,Ekonomi,2,Bachelor of Business Analytics (1); Bsc (Hons) Business Analytics (1),50%,ya,Bachelor of Business Analytics,Bachelor of Business Analytics
61317,D4,Ekonomi,6,Bisnis dan Manajemen Ritel (6),100%,,Bisnis dan Manajemen Ritel,Manajemen
61209,S1,Ekonomi,286,Bisnis Digital (285); Bachelor of Digital Business (1),100%,,Bisnis Digital,Bisnis Digital
61213,S1,Ekonomi,1,Bisnis Digital (1),100%,,Bisnis Digital,Bisnis Digital
61215,S1,Ekonomi,1,Bisnis Digital (1),100%,,Bisnis Digital,Bisnis Digital
61224,S1,Ekonomi,1,Bisnis Digital (1),100%,,Bisnis Digital,Bisnis Digital
61227,S1,Ekonomi,1,Bisnis Digital (1),100%,,Bisnis Digital,Bisnis Digital
61228,S1,Ekonomi,1,Bisnis Digital (1),100%,,Bisnis Digital,Bisnis Digital
61316,D4,Ekonomi,60,Bisnis Digital (59); Bisinis Digital (1),98%,,Bisnis Digital,Bisnis Digital
64212,S1,Ekonomi,1,Bisnis Jasa (1),100%,,Bisnis Jasa,Bisnis Jasa
93312,D4,Ekonomi,5,Bisnis Jasa Makanan (4); Manajemen Industri Jasa Makanan dan Gizi (1),80%,,Bisnis Jasa Makanan,Tata Boga
93313,D4,Ekonomi,9,Bisnis Kreatif (9),100%,,Bisnis Kreatif,Bisnis Kreatif
54265,S1,Ekonomi,2,Bisnis Maritim (2),100%,,Bisnis Maritim,Bisnis Maritim
61313,D4,Ekonomi,2,Bisnis Properti (1); Manajemen dan Penilaian Properti (1),50%,ya,Bisnis Properti,Bisnis Properti
62212,S1,Ekonomi,1,Bsc (Hons) Accounting and Finance (1),100%,,Bsc (Hons) Accounting and Finance,Akuntansi
87221,S1,Ekonomi,1,Ekonomi (1),100%,,Ekonomi,Ekonomi Pembangunan
60230,S1,Ekonomi,4,Ekonomi dan Keuangan Islam (3); Ekonomi Islam (1),75%,,Ekonomi dan Keuangan Islam,Ekonomi Syariah
60205,S1,Ekonomi,2,Ekonomi Hindu (2),100%,,Ekonomi Hindu,Ekonomi Hindu
87222,S1,Ekonomi,2,"Ekonomi Keuangan dan Perbankan (1); Ekonomi, Keuangan, dan Perbankan (1)",50%,ya,Ekonomi Keuangan dan Perbankan,Keuangan dan Perbankan
60201,S1,Ekonomi,169,Ekonomi Pembangunan (154); Ilmu Ekonomi (7); Ekonomi (6),91%,,Ekonomi Pembangunan,Ekonomi Pembangunan
60270,S1,Ekonomi,1,Ekonomi Pembangunan (1),100%,,Ekonomi Pembangunan,Ekonomi Pembangunan
60207,S1,Ekonomi,1,Ilmu Ekonomi (1),100%,,Ilmu Ekonomi,Ekonomi Pembangunan
60204,S1,Ekonomi,3,Ilmu Ekonomi dan Keuangan Islam (1); Manajemen Keuangan Syari`ah (1); Perbankan Syariah (1),33%,ya,Ilmu Ekonomi dan Keuangan Islam,Ilmu Ekonomi dan Keuangan Islam
26208,D4,Ekonomi,1,Keamanan Ekonomi dan Intelijen Keuangan (1),100%,,Keamanan Ekonomi dan Intelijen Keuangan,Keamanan Ekonomi dan Intelijen Keuangan
61409,D3,Ekonomi,2,Kebendaharaan Negara (1); Keuangan Negara (1),50%,ya,Kebendaharaan Negara,Keuangan Negara
63422,D3,Ekonomi,1,Kepabeanan dan Cukai (1),100%,,Kepabeanan dan Cukai,Keuangan Negara
61306,D4,Ekonomi,11,Keuangan (2); Perbankan dan Keuangan (2); Akuntansi Lembaga Keuangan Syariah (1),18%,ya,Keuangan,Keuangan dan Perbankan
61315,D4,Ekonomi,1,Keuangan (1),100%,,Keuangan,Keuangan dan Perbankan
61406,D3,Ekonomi,72,Keuangan Dan Perbankan (46); Manajemen Keuangan (8); Perbankan dan Keuangan (8),64%,ya,Keuangan Dan Perbankan,Keuangan dan Perbankan
94206,S1,Ekonomi,1,Kewirausahaan (1),100%,,Kewirausahaan,Kewirausahaan
40306,D4,Ekonomi,5,Logistik Niaga-El (2); Logistik Bisnis (1); Logistik Niaga El (1),40%,ya,Logistik Niaga-El,Logistik
61201,S1,Ekonomi,942,Manajemen (908); Manajemen Ritel (16); Manajemen Retail (9),96%,,Manajemen,Manajemen
61202,S1,Ekonomi,1,Manajemen (1),100%,,Manajemen,Manajemen
61214,S1,Ekonomi,1,Manajemen (1),100%,,Manajemen,Manajemen
61217,S1,Ekonomi,1,Manajemen (1),100%,,Manajemen,Manajemen
61219,S1,Ekonomi,1,Manajemen (1),100%,,Manajemen,Manajemen
61220,S1,Ekonomi,1,Manajemen (1),100%,,Manajemen,Manajemen
61221,S1,Ekonomi,1,Manajemen (1),100%,,Manajemen,Manajemen
61222,S1,Ekonomi,1,Manajemen (1),100%,,Manajemen,Manajemen
61223,S1,Ekonomi,1,Manajemen (1),100%,,Manajemen,Manajemen
61271,S1,Ekonomi,5,Manajemen (3); Manajemen K. Kab. Gayo Lues (1); Manajemen K. Sintang (1),60%,ya,Manajemen,Manajemen
61281,S1,Ekonomi,2,Manajemen (1); Manajemen K. Mataram (1),50%,ya,Manajemen,Manajemen
61400,D3,Ekonomi,1,Manajemen (1),100%,,Manajemen,Manajemen
614010,D3,Ekonomi,4,Manajemen (4),100%,,Manajemen,Manajemen
62304,D4,Ekonomi,1,Manajemen Akuntansi Hospitaliti (1),100%,,Manajemen Akuntansi Hospitaliti,Perhotelan
61307,D4,Ekonomi,2,Manajemen Aset (1); Manajemen Aset Publik (1),50%,ya,Manajemen Aset,Keuangan Negara
61412,D3,Ekonomi,1,Manajemen Aset (1),100%,,Manajemen Aset,Keuangan Negara
22206,S1,Ekonomi,2,Manajemen Bencana (2),100%,,Manajemen Bencana,Manajemen Bencana
61301,D4,Ekonomi,5,Manajemen Bisnis (3); Keuangan Daerah (1); Manajemen Keuangan (1),60%,ya,Manajemen Bisnis,Manajemen
93317,D4,Ekonomi,1,Manajemen Bisnis (1),100%,,Manajemen Bisnis,Manajemen
61225,S1,Ekonomi,5,Manajemen Bisnis Internasional (5),100%,,Manajemen Bisnis Internasional,Bisnis Internasional
60203,S1,Ekonomi,4,Manajemen Bisnis Syariah (2); Bisnis Islam (1); Manajemen Bisnis Syari'ah (1),50%,ya,Manajemen Bisnis Syariah,Manajemen Syariah
61205,S1,Ekonomi,47,Manajemen Bisnis Syariah (38); Manajemen Haji dan Umrah (2); Bisnis (1),81%,,Manajemen Bisnis Syariah,Manajemen Syariah
80205,S1,Ekonomi,1,Manajemen Industri Halal (1),100%,,Manajemen Industri Halal,Manajemen Industri Halal
80301,D4,Ekonomi,2,Manajemen Industri Halal (2),100%,,Manajemen Industri Halal,Manajemen Industri Halal
57471,D3,Ekonomi,1,Manajemen Informatika (1),100%,,Manajemen Informatika,Manajemen Informatika
61413,D3,Ekonomi,2,Manajemen Kampus Kab Rembang (1); Manajemen Perusahaan (1),50%,ya,Manajemen Kampus Kab Rembang,Manajemen
61272,S1,Ekonomi,1,Manajemen Kampus Kab. Tojo Una-una (1),100%,,Manajemen Kampus Kab. Tojo Una-una,Manajemen
61414,D3,Ekonomi,1,Manajemen Keuangan (1),100%,,Manajemen Keuangan,Keuangan dan Perbankan
60404,S1,Ekonomi,1,Manajemen Keuangan Mikro Syariah (1),100%,,Manajemen Keuangan Mikro Syariah,Manajemen Syariah
61312,D4,Ekonomi,10,Manajemen Keuangan Sektor Publik (8); Akuntansi Sektor Publik (1); Manajemen Keuangan Negara (1),80%,,Manajemen Keuangan Sektor Publik,Keuangan Negara
61211,S1,Ekonomi,34,Manajemen Keuangan Syariah (19); Manajemen Bisnis Syariah (11); Manajemen Bisnis Syari'ah (1),56%,ya,Manajemen Keuangan Syariah,Manajemen Syariah
63303,D4,Ekonomi,2,Manajemen Kontrak Pemerintah (2),100%,,Manajemen Kontrak Pemerintah,Keuangan Negara
61411,D3,Ekonomi,2,Manajemen Logistik Industri Elektronika (1); Teknik Industri Agro (1),50%,ya,Manajemen Logistik Industri Elektronika,Manajemen Logistik Industri Elektronika
89301,S1,Ekonomi,1,Manajemen Olahraga (1),100%,,Manajemen Olahraga,Ilmu Keolahragaan
63317,D4,Ekonomi,4,Manajemen Pelabuhan dan Logistik Maritim (3); Bisnis Dan Logistik Maritim (1),75%,,Manajemen Pelabuhan dan Logistik Maritim,Manajemen Pelabuhan dan Pelayaran
61404,D3,Ekonomi,34,Manajemen Pemasaran (30); Manajemen (1); Manajemen Pemasaran Industri Elektronika (1),88%,,Manajemen Pemasaran,Manajemen
61418,D3,Ekonomi,1,Manajemen Pemasaran (1),100%,,Manajemen Pemasaran,Manajemen
61304,D4,Ekonomi,24,Manajemen Pemasaran Internasional (9); Manajemen Pemasaran (5); Pemasaran Digital (5),38%,ya,Manajemen Pemasaran Internasional,Manajemen Pemasaran Internasional
61319,D4,Ekonomi,1,Manajemen Pemasaran Internasional (1),100%,,Manajemen Pemasaran Internasional,Manajemen Pemasaran Internasional
61402,D3,Ekonomi,9,Manajemen Perdagangan (6); Bisnis Internasional (1); Manajemen Bisnis Syariah (1),67%,ya,Manajemen Perdagangan,Manajemen
94306,D4,Ekonomi,1,Manajemen Perdagangan Internasional (1),100%,,Manajemen Perdagangan Internasional,Bisnis Internasional
61403,D3,Ekonomi,17,Manajemen Perpajakan (7); Manajemen Pajak (5); Perpajakan (2),41%,ya,Manajemen Perpajakan,Perpajakan
61308,D4,Ekonomi,5,Manajemen Pertahanan Matra Laut (2); Manajemen Pertahanan (1); Pertahanan TNI Angkatan Udara (1),40%,ya,Manajemen Pertahanan Matra Laut,Manajemen Pertahanan
61309,D4,Ekonomi,2,Manajemen Pertahanan Matra Laut Aspek Dar (1); Manajemen Pertahanan Matra Laut Aspek Darat (1),50%,ya,Manajemen Pertahanan Matra Laut Aspek Dar,Manajemen Pertahanan
61405,D3,Ekonomi,41,Manajemen Perusahaan (25); Manajemen Bisnis (5); Manajemen Bandar Udara (3),61%,ya,Manajemen Perusahaan,Manajemen
61210,S1,Ekonomi,5,Manajemen Retail (3); Manajemen (1); PJJ Bisnis Digital (1),60%,ya,Manajemen Retail,Manajemen
61216,S1,Ekonomi,13,Manajemen Ritel (13),100%,,Manajemen Ritel,Manajemen
61701,S1,Ekonomi,4,Manajemen Ritel (3); Manajemen Retail (1),75%,,Manajemen Ritel,Manajemen
61410,D3,Ekonomi,1,Manajemen Sumber Daya Manusia (1),100%,,Manajemen Sumber Daya Manusia,Manajemen
61302,D4,Ekonomi,7,Manajemen Sumber Daya Manusia Sektor Publik (4); Manajemen Sumber Daya Manusia Aparatur (3),57%,ya,Manajemen Sumber Daya Manusia Sektor Publik,Administrasi Publik
61407,D3,Ekonomi,7,Manajemen Transportasi Laut (7),100%,,Manajemen Transportasi Laut,Manajemen Pelabuhan dan Pelayaran
614011,D3,Ekonomi,1,Manajemen Transportasi Perairan Daratan (1),100%,,Manajemen Transportasi Perairan Daratan,Transportasi
61408,D3,Ekonomi,5,Manajemen Transportasi Udara (2); Manajemen Transportasi (1); Manajemen Transportasi Jalan (1),40%,ya,Manajemen Transportasi Udara,Transportasi
62408,D4,Ekonomi,1,Manajemen Transportasi Udara (1),100%,,Manajemen Transportasi Udara,Transportasi
60301,D4,Ekonomi,4,Pembangunan Pedesaan dan Ekonomi Masyarakat (2); Pembangunan Ekonomi dan Pemberdayaan Masyarakat (1); Pembangunan Ekonomi Kewilayahan (1),50%,ya,Pembangunan Pedesaan dan Ekonomi Masyarakat,Ekonomi Pembangunan
87207,S1,Ekonomi,2,Pendidikan Bisnis (2),100%,,Pendidikan Bisnis,Pendidikan Ekonomi
61314,D4,Ekonomi,2,Perbankan (1); Perbankan Dan Keuangan Digital (1),50%,ya,Perbankan,Keuangan dan Perbankan
61417,D3,Ekonomi,6,Perbankan dan Keuangan (6),100%,,Perbankan dan Keuangan,Keuangan dan Perbankan
61318,D4,Ekonomi,7,Perbankan dan Keuangan Digital (7),100%,,Perbankan dan Keuangan Digital,Keuangan dan Perbankan
61206,D3;D4;S1,Ekonomi,196,Perbankan Syariah (163); Perbankan Syari'ah (15); Perbankan Syari`ah (9),83%,,Perbankan Syariah,Perbankan Syariah
94205,S1,Ekonomi,16,Perdagangan Internasional (16),100%,,Perdagangan Internasional,Bisnis Internasional
94210,S1,Ekonomi,1,Perdagangan Internasional (1),100%,,Perdagangan Internasional,Bisnis Internasional
62402,D3,Ekonomi,23,Perpajakan (18); Akuntansi (4); Administrasi Pajak (1),78%,,Perpajakan,Perpajakan
63222,S1,Ekonomi,2,Perpajakan (2),100%,,Perpajakan,Perpajakan
62203,S1,Ekonomi,5,PJJ Akuntansi (4); Akuntansi (1),80%,,PJJ Akuntansi,Akuntansi
61207,S1,Ekonomi,5,PJJ Manajemen (5),100%,,PJJ Manajemen,Manajemen
62405,D3,Ekonomi,6,Seni Kuliner (6),100%,,Seni Kuliner,Tata Boga
57211,S1,Ekonomi,1,Sistem Informasi (1),100%,,Sistem Informasi,Sistem Informasi
57406,D3,Ekonomi,2,Sistem Informasi Akuntansi (2),100%,,Sistem Informasi Akuntansi,Sistem Informasi Akuntansi
57307,D4,Ekonomi,2,Sistem Informasi Bisnis (2),100%,,Sistem Informasi Bisnis,Sistem Informasi
62305,D4,Ekonomi,5,Tata Boga (4); Seni Kuliner dan Pengelolaan Jasa Makanan (1),80%,,Tata Boga,Tata Boga
13263,S1,Ekonomi;Kesehatan,25,Administrasi Kesehatan (22); Manajemen Informasi Kesehatan (2); Adminstrasi Kesehatan (1),88%,ya,Administrasi Kesehatan,Administrasi Kesehatan
60206,S1,Ekonomi;Sosial,201,Ekonomi Syariah (194); Ekonomi Syari'ah (2); Ekonomi Islam (1),97%,ya,Ekonomi Syariah,Ekonomi Syariah
61422,D4,Humaniora,1,Administrasi Perkantoran Digital (1),100%,,Administrasi Perkantoran Digital,Administrasi Perkantoran
62206,S1,Humaniora,3,Akuntansi (3),100%,,Akuntansi,Akuntansi
62207,S1,Humaniora,1,Akuntansi (1),100%,,Akuntansi,Akuntansi
82201,S1,Humaniora,25,Antropologi (12); Antropologi Sosial (9); Antropologi Budaya (4),48%,ya,Antropologi,Antropologi
81201,S1,Humaniora,7,Arkeologi (7),100%,,Arkeologi,Arkeologi
79218,S1,Humaniora,1,Bahasa Aceh (1),100%,,Bahasa Aceh,Sastra Daerah
79403,D3,Humaniora,1,Bahasa Arab (1),100%,,Bahasa Arab,Bahasa dan Sastra Arab
79217,S1,Humaniora,9,Bahasa dan Kebudayaan Inggris (9),100%,,Bahasa dan Kebudayaan Inggris,Sastra Inggris
79210,S1,Humaniora,3,Bahasa dan Kebudayaan Korea (2); Bahasa Korea (1),67%,ya,Bahasa dan Kebudayaan Korea,Bahasa dan Kebudayaan Korea
79203,S1,Humaniora,40,Bahasa dan Sastra Arab (27); Sastra Arab (12); Bahasa dan Kebudayaan Arab (1),68%,ya,Bahasa dan Sastra Arab,Bahasa dan Sastra Arab
88228,S1,Humaniora,1,Bahasa dan Sastra Jepang (1),100%,,Bahasa dan Sastra Jepang,Sastra Jepang
79402,D3,Humaniora,38,Bahasa Inggris (38),100%,,Bahasa Inggris,Sastra Inggris
79304,D4,Humaniora,1,Bahasa Inggris Untuk Industri Pariwisata (1),100%,,Bahasa Inggris Untuk Industri Pariwisata,Sastra Inggris
79306,D4,Humaniora,1,Bahasa Inggris Untuk Komunikasi Bisnis (1),100%,,Bahasa Inggris Untuk Komunikasi Bisnis,Sastra Inggris
79302,D4;S1,Humaniora,14,Bahasa Inggris Untuk Komunikasi Bisnis Dan Profesional (10); Bahasa Inggris (3); Bahasa Asing Terapan (1),71%,,Bahasa Inggris untuk Komunikasi Bisnis dan Profesional,Sastra Inggris
79308,D4,Humaniora,4,Bahasa Inggris untuk Komunikasi Bisnis dan Profesional (4),100%,,Bahasa Inggris untuk Komunikasi Bisnis dan Profesional,Sastra Inggris
79404,D3,Humaniora,15,Bahasa Jepang (15),100%,,Bahasa Jepang,Sastra Jepang
79406,D3,Humaniora,1,Bahasa Jerman (1),100%,,Bahasa Jerman,Sastra Jerman
79410,D3,Humaniora,2,Bahasa Korea (2),100%,,Bahasa Korea,Bahasa dan Kebudayaan Korea
79214,S1,Humaniora,8,Bahasa Mandarin (5); Bahasa Mandarin dan Kebudayaan Tiongkok (3),63%,ya,Bahasa Mandarin,Bahasa Mandarin
79409,D3,Humaniora,6,Bahasa Mandarin (6),100%,,Bahasa Mandarin,Bahasa Mandarin
79307,D4,Humaniora,1,Bahasa Mandarin untuk Komunikasi Bisnis dan Profesional (1),100%,,Bahasa Mandarin untuk Komunikasi Bisnis dan Profesional,Bahasa Mandarin
79309,D4,Humaniora,3,Bahasa Mandarin untuk Komunikasi Bisnis dan Profesional (2); Bahasa dan Budaya Tiongkok (1),67%,ya,Bahasa Mandarin untuk Komunikasi Bisnis dan Profesional,Bahasa Mandarin
75203,S1,Humaniora,2,Filsafat Keilahian (2),100%,,Filsafat Keilahian,Teologi
71241,S1,Humaniora,1,Hubungan Masyarakat (1),100%,,Hubungan Masyarakat,Hubungan Masyarakat
70301,D4,Humaniora,5,Hubungan Masyarakat Dan Komunikasi Digital (4); Komunikasi Digital dan Media (1),80%,,Hubungan Masyarakat Dan Komunikasi Digital,Hubungan Masyarakat
70303,D4,Humaniora,1,Hubungan Masyarakat dan Komunikasi Digital (1),100%,,Hubungan Masyarakat Dan Komunikasi Digital,Hubungan Masyarakat
74203,S1,Humaniora,3,Hukum (2); Ilmu Hukum (1),67%,ya,Hukum,Ilmu Hukum
74204,S1,Humaniora,2,Hukum (2),100%,,Hukum,Ilmu Hukum
75201,S1,Humaniora,16,Ilmu Filsafat (11); Filsafat (3); Filsafat Keilahian (1),69%,ya,Ilmu Filsafat,Ilmu Filsafat
71201,S1,Humaniora,28,Ilmu Perpustakaan (15); Ilmu Perpustakaan dan Informasi Islam (9); Perpustakaan dan Sains Informasi (4),54%,ya,Ilmu Perpustakaan,Ilmu Perpustakaan
80201,S1,Humaniora,20,Ilmu Sejarah (16); Sejarah (3); Pendidikan Sejarah (1),80%,,Ilmu Sejarah,Ilmu Sejarah
95227,S1,Humaniora,1,Kajian Sastra dan Budaya (1),100%,,Kajian Sastra dan Budaya,Kajian Sastra dan Budaya
71402,D3,Humaniora,1,Kearsipan (1),100%,,Kearsipan,Kearsipan
79215,S1,Humaniora,1,Linguistik Indonesia (1),100%,,Linguistik Indonesia,Sastra Indonesia
79412,D4,Humaniora,1,Linguistik Terapan (1),100%,,Linguistik Terapan,Linguistik Terapan
93316,D4,Humaniora,2,Manajemen Perhotelan Kampus Payakumbuh (1); Pengelolaan Perhotelan (1),50%,ya,Manajemen Perhotelan Kampus Payakumbuh,Perhotelan
91222,S1,Humaniora,1,Penciptaan Musik (1),100%,,Penciptaan Musik,Seni Musik
88283,S1,Humaniora,1,Pendidikan Bahasa Bali (1),100%,,Pendidikan Bahasa Bali,Pendidikan Bahasa dan Sastra Daerah
88231,S1,Humaniora,1,Pendidikan Bahasa Bugis (1),100%,,Pendidikan Bahasa Bugis,Pendidikan Bahasa dan Sastra Daerah
79219,S1,Humaniora,2,Pendidikan Bahasa dan Sastra Aceh (2),100%,,Pendidikan Bahasa dan Sastra Aceh,Pendidikan Bahasa dan Sastra Daerah
88230,S1,Humaniora,1,Pendidikan Bahasa Makassar (1),100%,,Pendidikan Bahasa Makassar,Pendidikan Bahasa dan Sastra Daerah
88215,S1,Humaniora,1,Pendidikan Bahasa Melayu (1),100%,,Pendidikan Bahasa Melayu,Pendidikan Bahasa dan Sastra Daerah
82101,S1,Humaniora,1,Pendidikan Vokasional Mekatronika (1),100%,,Pendidikan Vokasional Mekatronika,Pendidikan Vokasional Mekatronika
71302,D4,Humaniora,7,Pengelolaan Arsip dan Rekaman Informasi (3); Kearsipan (1); Kearsipan Dan Informasi Digital (1),43%,ya,Pengelolaan Arsip dan Rekaman Informasi,Kearsipan
93315,D4,Humaniora,10,Pengelolaan Perhotelan (9); Manajemen Perhotelan (1),90%,,Pengelolaan Perhotelan,Perhotelan
93318,D4,Humaniora,4,Pengelolaan Perhotelan (4),100%,,Pengelolaan Perhotelan,Perhotelan
94416,D4,Humaniora,1,Pengelolaan Usaha Rekreasi (1),100%,,Pengelolaan Usaha Rekreasi,Pariwisata
74301,D4,Humaniora,3,Peradilan Pidana (3),100%,,Peradilan Pidana,Ilmu Hukum
70407,D3,Humaniora,1,Periklanan (1),100%,,Periklanan,Periklanan
71401,D3;S1,Humaniora,10,"Perpustakaan (7); Ilmu Perpustakaan (2); Informasi, Perpustakaan & Kearsipan (1)",70%,,Perpustakaan,Ilmu Perpustakaan
71202,S1,Humaniora,17,Perpustakaan dan Sains Informasi (10); Ilmu Perpustakaan dan Informasi (2); Ilmu Perpustakaan dan Informasi Islam (2),59%,ya,Perpustakaan dan Sains Informasi,Ilmu Perpustakaan
71301,D4,Humaniora,1,Perpustakaan Digital (1),100%,,Perpustakaan Digital,Ilmu Perpustakaan
79223,S1,Humaniora,1,Sastra Arab (1),100%,,Sastra Arab,Bahasa dan Sastra Arab
79212,S1,Humaniora,2,Sastra Bali (1); Sastra Melayu (1),50%,ya,Sastra Bali,Sastra Daerah
79208,S1,Humaniora,1,Sastra Belanda (1),100%,,Sastra Belanda,Sastra Belanda
79209,S1,Humaniora,8,Sastra Cina (5); Bahasa Mandarin (1); Bahasa Mandarin dan Kebudayaan Tiongkok (1),63%,ya,Sastra Cina,Bahasa Mandarin
79211,S1,Humaniora,8,"Sastra Daerah (3); Bahasa, Sastra, dan Budaya Jawa (1); Sastra Batak (1)",38%,ya,Sastra Daerah,Sastra Daerah
79216,S1,Humaniora,1,Sastra Daerah untuk Sastra Jawa (1),100%,,Sastra Daerah untuk Sastra Jawa,Sastra Daerah
79201,S1,Humaniora,46,Sastra Indonesia (37); Bahasa dan Sastra Indonesia (6); Pendidikan Bahasa Indonesia (3),80%,,Sastra Indonesia,Sastra Indonesia
79202,S1,Humaniora,147,Sastra Inggris (130); Bahasa Inggris (9); Bahasa dan Sastra Inggris (5),88%,,Sastra Inggris,Sastra Inggris
79221,S1,Humaniora,1,Sastra Inggris (1),100%,,Sastra Inggris,Sastra Inggris
79222,S1,Humaniora,1,Sastra Jawa Kuno (1),100%,,Sastra Jawa Kuno,Sastra Daerah
79204,S1,Humaniora,31,Sastra Jepang (25); Bahasa dan Kebudayaan Jepang (4); Bahasa Jepang (2),81%,,Sastra Jepang,Sastra Jepang
79206,S1,Humaniora,5,Sastra Jerman (5),100%,,Sastra Jerman,Sastra Jerman
79205,S1,Humaniora,8,Sastra Perancis (5); Bahasa dan Sastra Prancis (2); Sastra Prancis (1),63%,ya,Sastra Perancis,Sastra Perancis
79207,S1,Humaniora,2,Sastra Rusia (2),100%,,Sastra Rusia,Sastra Rusia
80204,S1,Humaniora,3,Sejarah (3),100%,,Sejarah,Ilmu Sejarah
80230,S1,Humaniora,37,Sejarah Peradaban Islam (28); Sejarah dan Peradaban Islam (5); Sejarah dan Kebudayaan Islam (3),76%,,Sejarah Peradaban Islam,Sejarah Peradaban Islam
79303,D4,Humaniora,1,Sinematik (1),100%,,Sinematik,Film dan Televisi
85315,S1,Humaniora,4,Studi Humanitas (4),100%,,Studi Humanitas,Studi Humanitas
90202,D4,Humaniora,2,Tari Sunda (1); Tata Kelola Seni (1),50%,ya,Tari Sunda,Tari Sunda
79220,S1,Humaniora,1,Tarjamah (1),100%,,Tarjamah,Tarjamah
82202,S1,Humaniora,1,Tradisi Lisan (1),100%,,Tradisi Lisan,Tradisi Lisan
94415,D4,Humaniora,1,Usaha Perjalanan Wisata (1),100%,,Usaha Perjalanan Wisata,Pariwisata
93311,D4,Humaniora;Sosial,4,Destinasi Pariwisata (1); Pariwisata (1); Pariwisata Bahari (1),25%,ya,Destinasi Pariwisata,Pariwisata
71441,S1,Humaniora;Sosial,8,Hubungan Masyarakat (7); Ilmu Hubungan Masyarakat (1),88%,ya,Hubungan Masyarakat,Hubungan Masyarakat
13260,S1,Kesehatan,38,Administrasi Kesehatan (38),100%,,Administrasi Kesehatan,Administrasi Kesehatan
13266,S1,Kesehatan,1,Administrasi Kesehatan (1),100%,,Administrasi Kesehatan,Administrasi Kesehatan
13261,S1,Kesehatan,117,Administrasi Rumah Sakit (97); Administrasi Kesehatan (19); Adminsitrasi Rumah Sakit (1),83%,,Administrasi Rumah Sakit,Administrasi Rumah Sakit
13267,S1,Kesehatan,1,Administrasi Rumah Sakit (1),100%,,Administrasi Rumah Sakit,Administrasi Rumah Sakit
13461,D3,Kesehatan,15,Administrasi Rumah Sakit (12); Manajemen Pelayanan Rumah Sakit (3),80%,,Administrasi Rumah Sakit,Administrasi Rumah Sakit
11407,D3,Kesehatan,4,Akupunktur (3); Akupuntur (1),75%,,Akupunktur,Pengobatan Tradisional
11307,D4,Kesehatan,4,Akupuntur dan Pengobatan Herbal (3); Akupunktur dan Pengobatan Herbal (1),75%,,Akupuntur dan Pengobatan Herbal,Pengobatan Tradisional
11308,D4,Kesehatan,1,Akupuntur dan Pengobatan Herbal (1),100%,,Akupuntur dan Pengobatan Herbal,Pengobatan Tradisional
11210,S1,Kesehatan,4,Bioinformatika (3); Bio informatika (1),75%,,Bioinformatika,Bioinformatika
11202,S1,Kesehatan,66,Fisioterapi (66),100%,,Fisioterapi,Fisioterapi
11301,D4,Kesehatan,14,Fisioterapi (14),100%,,Fisioterapi,Fisioterapi
11401,D3,Kesehatan,34,Fisioterapi (34),100%,,Fisioterapi,Fisioterapi
13211,S1,Kesehatan,160,Gizi (137); Ilmu Gizi (22); Ilmu Gizi Masyarakat dan Keluarga (1),86%,,Gizi,Gizi
13213,S1,Kesehatan,1,Gizi (1),100%,,Gizi,Gizi
13411,D3,Kesehatan,44,Gizi (44),100%,,Gizi,Gizi
13473,D3,Kesehatan,1,Gizi (1),100%,,Gizi,Gizi
13311,D4,Kesehatan,24,Gizi dan Dietetika (21); Gizi Klinis (2); Gizi Klinik (1),88%,,Gizi dan Dietetika,Gizi
14202,S1,Kesehatan,3,Higiene Gigi (1); Ilmu Keperawatan K. Jembrana (1); Keperawatan (1),33%,ya,Higiene Gigi,Higiene Gigi
13441,D3,Kesehatan,3,Higiene Perusahaan Kesehatan dan Keselamatan Kerja (1); Hiperkes Dan Keselamatan Kerja (1); Keselamatan Kesehatan Kerja (1),33%,ya,Higiene Perusahaan Kesehatan dan Keselamatan Kerja,Keselamatan dan Kesehatan Kerja
11211,S1,Kesehatan,1,Ilmu Biomedis (1),100%,,Ilmu Biomedis,Ilmu Biomedis
11223,S1,Kesehatan,8,Ilmu Biomedis (5); Teknik Biomedis (2); Sains Biomedis (1),63%,ya,Ilmu Biomedis,Ilmu Biomedis
13212,S1,Kesehatan,1,Ilmu Gizi (1),100%,,Ilmu Gizi,Gizi
14201,S1,Kesehatan,357,Ilmu Keperawatan (232); Keperawatan (125),65%,ya,Ilmu Keperawatan,Keperawatan
14204,S1,Kesehatan,1,Ilmu Keperawatan (1),100%,,Ilmu Keperawatan,Keperawatan
13265,S1,Kesehatan,5,Informatika Kesehatan (5),100%,,Informatika Kesehatan,Informatika Medis
57305,S1,Kesehatan,19,Informatika Medis (19),100%,,Informatika Medis,Informatika Medis
14478,D3,Kesehatan,1,Kebidanan (1),100%,,Kebidanan,Kebidanan
14480,D3,Kesehatan,1,Kebidanan (1),100%,,Kebidanan,Kebidanan
14481,D3,Kesehatan,1,Kebidanan (1),100%,,Kebidanan,Kebidanan
14482,D3,Kesehatan,1,Kebidanan (1),100%,,Kebidanan,Kebidanan
15201,S1,Kesehatan,237,Kebidanan (236); Pendidikan Bidan (1),100%,,Kebidanan,Kebidanan
15202,S1,Kesehatan,1,Kebidanan (1),100%,,Kebidanan,Kebidanan
15301,D4,Kesehatan,39,Kebidanan (33); Bidan Pendidik (6),85%,,Kebidanan,Kebidanan
15302,D4,Kesehatan,16,Kebidanan (16),100%,,Kebidanan,Kebidanan
15371,D4,Kesehatan,5,Kebidanan (5),100%,,Kebidanan,Kebidanan
15372,D4,Kesehatan,1,Kebidanan (1),100%,,Kebidanan,Kebidanan
15373,D3,Kesehatan,2,Kebidanan (2),100%,,Kebidanan,Kebidanan
15401,D3,Kesehatan,504,Kebidanan (503); Kebidanan K. Jembrana (1),100%,,Kebidanan,Kebidanan
15402,D3,Kesehatan,1,Kebidanan (1),100%,,Kebidanan,Kebidanan
15403,D3,Kesehatan,2,Kebidanan (2),100%,,Kebidanan,Kebidanan
15404,D3,Kesehatan,2,Kebidanan (2),100%,,Kebidanan,Kebidanan
15405,D3,Kesehatan,2,Kebidanan (2),100%,,Kebidanan,Kebidanan
15406,D3,Kesehatan,2,Kebidanan (2),100%,,Kebidanan,Kebidanan
15420,D3,Kesehatan,1,Kebidanan (1),100%,,Kebidanan,Kebidanan
15421,D3,Kesehatan,1,Kebidanan (1),100%,,Kebidanan,Kebidanan
15471,D3,Kesehatan,19,Kebidanan (19),100%,,Kebidanan,Kebidanan
15472,D3,Kesehatan,6,Kebidanan (6),100%,,Kebidanan,Kebidanan
15473,D3,Kesehatan,4,Kebidanan (4),100%,,Kebidanan,Kebidanan
15474,D3,Kesehatan,4,Kebidanan (2); PJJ Kebidanan (2),50%,ya,Kebidanan,Kebidanan
15475,D3,Kesehatan,1,Kebidanan (1),100%,,Kebidanan,Kebidanan
15476,D3,Kesehatan,1,Kebidanan (1),100%,,Kebidanan,Kebidanan
15903,S1,Kesehatan,1,Kebidanan (1),100%,,Kebidanan,Kebidanan
11201,S1,Kesehatan,90,Kedokteran (49); Pendidikan Dokter (41),54%,ya,Kedokteran,Kedokteran
11203,S1,Kesehatan,61,Kedokteran (61),100%,,Kedokteran,Kedokteran
11233,S1,Kesehatan,1,Kedokteran (1),100%,,Kedokteran,Kedokteran
11204,S1,Kesehatan,1,"Kedokteran Fakultas Ilmu Kesehatan, Kedokteran, dan Ilmu Alam Banyuwangi (1)",100%,,"Kedokteran Fakultas Ilmu Kesehatan, Kedokteran, dan Ilmu Alam Banyuwangi",Kedokteran
12201,S1,Kesehatan,47,Kedokteran Gigi (27); Pendidikan Dokter Gigi (20),57%,ya,Kedokteran Gigi,Kedokteran Gigi
12202,S1,Kesehatan,1,Kedokteran Gigi (1),100%,,Kedokteran Gigi,Kedokteran Gigi
54268,S1,Kesehatan,1,Kedokteran Hewan (1),100%,,Kedokteran Hewan,Kedokteran Hewan
54267,S1,Kesehatan,1,"Kedokteran Hewan Fakultas Ilmu Kesehatan, Kedokteran, dan Ilmu Alam Banyuwangi (1)",100%,,"Kedokteran Hewan Fakultas Ilmu Kesehatan, Kedokteran, dan Ilmu Alam Banyuwangi",Kedokteran Hewan
14206,S1,Kesehatan,33,Keperawatan (33),100%,,Keperawatan,Keperawatan
14301,D4,Kesehatan,34,Keperawatan (34),100%,,Keperawatan,Keperawatan
14371,D4,Kesehatan,6,Keperawatan (6),100%,,Keperawatan,Keperawatan
14401,D3,Kesehatan,370,Keperawatan (370),100%,,Keperawatan,Keperawatan
14402,D3,Kesehatan,3,Keperawatan (3),100%,,Keperawatan,Keperawatan
14403,D3,Kesehatan,2,Keperawatan (2),100%,,Keperawatan,Keperawatan
14471,D3,Kesehatan,19,Keperawatan (19),100%,,Keperawatan,Keperawatan
14472,D3,Kesehatan,15,Keperawatan (14); Keperawatan Kampus Sumedang (1),93%,,Keperawatan,Keperawatan
14473,D3,Kesehatan,7,Keperawatan (6); Keperawatan ( Kampus Wamena) (1),86%,,Keperawatan,Keperawatan
14474,D3,Kesehatan,5,Keperawatan (5),100%,,Keperawatan,Keperawatan
14475,D3,Kesehatan,4,Keperawatan (4),100%,,Keperawatan,Keperawatan
14476,D3,Kesehatan,2,Keperawatan (1); Keperawatan (Kep. Yapen) (1),50%,ya,Keperawatan,Keperawatan
14320,D4,Kesehatan,24,Keperawatan Anestesiologi (24),100%,,Keperawatan Anestesiologi,Keperawatan Anestesiologi
14203,S1,Kesehatan,2,Keperawatan K. Pangandaran (1); Keperawatan Kampus Sumedang (1),50%,ya,Keperawatan K. Pangandaran,Keperawatan
12402,D3,Kesehatan,16,Kesehatan Gigi (16),100%,,Kesehatan Gigi,Kesehatan Gigi
12403,D3,Kesehatan,1,Kesehatan Gigi (1),100%,,Kesehatan Gigi,Kesehatan Gigi
12404,D3,Kesehatan,1,Kesehatan Gigi (1),100%,,Kesehatan Gigi,Kesehatan Gigi
12472,D3,Kesehatan,1,Kesehatan Gigi (1),100%,,Kesehatan Gigi,Kesehatan Gigi
13251,S1,Kesehatan,10,Kesehatan Lingkungan (10),100%,,Kesehatan Lingkungan,Kesehatan Lingkungan
13201,S1,Kesehatan,180,Kesehatan Masyarakat (156); Ilmu Kesehatan Masyarakat (19); Dharma Usada (1),87%,,Kesehatan Masyarakat,Kesehatan Masyarakat
13202,S1,Kesehatan,1,Kesehatan Masyarakat (1),100%,,Kesehatan Masyarakat,Kesehatan Masyarakat
13204,S1,Kesehatan,1,"Kesehatan Masyarakat Fakultas Ilmu Kesehatan, Kedokteran, dan Ilmu Alam Banyuwangi (1)",100%,,"Kesehatan Masyarakat Fakultas Ilmu Kesehatan, Kedokteran, dan Ilmu Alam Banyuwangi",Kesehatan Masyarakat
13271,S1,Kesehatan,1,Kesehatan Masyarakat K. Sintang (1),100%,,Kesehatan Masyarakat K. Sintang,Kesehatan Masyarakat
13241,S1,Kesehatan,10,Keselamatan dan Kesehatan Kerja (4); Kesehatan dan Keselamatan Kerja (2); Rekayasa Keselamatan Kebakaran (2),40%,ya,Keselamatan dan Kesehatan Kerja,Keselamatan dan Kesehatan Kerja
13242,S1,Kesehatan,35,Keselamatan dan Kesehatan Kerja (35),100%,,Keselamatan dan Kesehatan Kerja,Keselamatan dan Kesehatan Kerja
13341,D4,Kesehatan,34,Keselamatan dan Kesehatan Kerja (32); Kesehatan dan Keselamatan Kerja (2),94%,,Keselamatan dan Kesehatan Kerja,Keselamatan dan Kesehatan Kerja
13363,D4,Kesehatan,39,Manajemen Informasi Kesehatan (38); Perekam dan Informasi Kesehatan (1),97%,,Manajemen Informasi Kesehatan,Rekam Medis dan Informasi Kesehatan
13364,D4,Kesehatan,12,Manajemen Informasi Kesehatan (12),100%,,Manajemen Informasi Kesehatan,Rekam Medis dan Informasi Kesehatan
89204,S1,Kesehatan,1,Masase (1),100%,,Masase,Masase
11403,D3,Kesehatan,1,Okupasi Terapi (1),100%,,Okupasi Terapi,Okupasi Terapi
11304,D4,Kesehatan,1,Optometri (1),100%,,Optometri,Optometri
11405,D3,Kesehatan,7,Optometri (7),100%,,Optometri,Optometri
11311,D4,Kesehatan,2,Ortotik dan Prostetik (2),100%,,Ortotik dan Prostetik,Ortotik dan Prostetik
11411,D3,Kesehatan,1,Ortotik dan Prostetik (1),100%,,Ortotik dan Prostetik,Ortotik dan Prostetik
13421,D3,Kesehatan,1,Pengawasan Epidemiologi (1),100%,,Pengawasan Epidemiologi,Kesehatan Masyarakat
11305,D4,Kesehatan,1,Pengobatan Tradisional Indonesia (1),100%,,Pengobatan Tradisional Indonesia,Pengobatan Tradisional
11306,D4,Kesehatan,4,Pengobatan Tradisional Tiongkok (2); Pengobat Tradisional (1); Pengobatan Tradisional Indonesia (1),50%,ya,Pengobatan Tradisional Tiongkok,Pengobatan Tradisional
13262,S1,Kesehatan,2,Perekam dan Informasi Kesehatan (1); Rekam Medis dan Informasi Kesehatan (1),50%,ya,Perekam dan Informasi Kesehatan,Rekam Medis dan Informasi Kesehatan
13264,S1,Kesehatan,1,PJJ Administrasi Kesehatan (1),100%,,PJJ Administrasi Kesehatan,Administrasi Kesehatan
14477,D3,Kesehatan,2,PJJ Keperawatan (2),100%,,PJJ Keperawatan,Keperawatan
13331,D4,Kesehatan,24,Promosi Kesehatan (24),100%,,Promosi Kesehatan,Promosi Kesehatan
11402,D3,Kesehatan,29,Radiologi (13); Radiodiagnostik dan Radioterapi (11); Teknik Radiodiagnostik dan Radioterapi (3),45%,ya,Radiologi,Radiologi
11404,D3,Kesehatan,8,Refraksi Optisi (5); Optometri (3),63%,ya,Refraksi Optisi,Optometri
13472,D3,Kesehatan,2,Rekam Medis & Informasi Kesehatan (1); Teknologi Laboratorium Medis (1),50%,ya,Rekam Medis & Informasi Kesehatan,Rekam Medis & Informasi Kesehatan
13462,D3,Kesehatan,63,Rekam Medis dan Informasi Kesehatan (29); Rekam Medik Dan Informasi Kesehatan (13); Perekam dan Informasi Kesehatan (12),46%,ya,Rekam Medis dan Informasi Kesehatan,Rekam Medis dan Informasi Kesehatan
13463,D3,Kesehatan,1,Rekam Medis dan Informasi Kesehatan (1),100%,,Rekam Medis dan Informasi Kesehatan,Rekam Medis dan Informasi Kesehatan
11312,S1,Kesehatan,6,Sains Biomedis (6),100%,,Sains Biomedis,Ilmu Biomedis
89205,S1,Kesehatan,1,Sains Keolahragaan (1),100%,,Sains Keolahragaan,Ilmu Keolahragaan
11409,D3,Kesehatan,6,Sanitasi (4); Kesehatan Lingkungan (2),67%,ya,Sanitasi,Kesehatan Lingkungan
13451,D3,Kesehatan,27,Sanitasi (22); Kesehatan Lingkungan (4); Keperawatan (1),81%,,Sanitasi,Kesehatan Lingkungan
13471,D3,Kesehatan,4,Sanitasi (4),100%,,Sanitasi,Kesehatan Lingkungan
13351,D4,Kesehatan,17,Sanitasi Lingkungan (16); Teknik dan Manajemen Lingkungan (1),94%,,Sanitasi Lingkungan,Kesehatan Lingkungan
13371,D4,Kesehatan,1,Sanitasi Lingkungan (1),100%,,Sanitasi Lingkungan,Kesehatan Lingkungan
11224,S1,Kesehatan,1,Teknik Biomedis (1),100%,,Teknik Biomedis,Teknik Biomedis
11225,S1,Kesehatan,1,Teknik Biomedis (1),100%,,Teknik Biomedis,Teknik Biomedis
11410,S1,Kesehatan,9,Teknik Biomedis (7); Teknik Biomedik (2),78%,,Teknik Biomedis,Teknik Biomedis
12401,D3,Kesehatan,12,Teknik Gigi (7); Kesehatan Gigi (3); Keperawatan Gigi (1),58%,ya,Teknik Gigi,Teknik Gigi
11408,D3,Kesehatan,2,Teknik Kardiovaskular (1); Teknik Kardiovaskuler (1),50%,ya,Teknik Kardiovaskular,Teknik Kardiovaskular
11472,D3,Kesehatan,2,Teknik Radiodiagnostik dan Radioterapi (1); Teknologi Radiologi Pencitraan (1),50%,ya,Teknik Radiodiagnostik dan Radioterapi,Radiologi
11412,D3,Kesehatan,17,Teknologi Bank Darah (17),100%,,Teknologi Bank Darah,Teknologi Bank Darah
11503,S1,Kesehatan,1,Teknologi Kedokteran (1),100%,,Teknologi Kedokteran,Teknologi Kedokteran
12302,D4,Kesehatan,2,Teknologi Kesehatan Gigi (1); Terapi Gigi (1),50%,ya,Teknologi Kesehatan Gigi,Kesehatan Gigi
13250,D4;S1,Kesehatan,2,Teknologi Laboratorium Medik (1); Teknologi Laboratorium Medis (1),50%,ya,Teknologi Laboratorium Medik,Teknologi Laboratorium Medis
13350,D4,Kesehatan,52,Teknologi Laboratorium Medis (44); Teknologi Laboratorium Medik (6); Laboratorium Medik (1),85%,,Teknologi Laboratorium Medis,Teknologi Laboratorium Medis
13352,D4,Kesehatan,12,Teknologi Laboratorium Medis (12),100%,,Teknologi Laboratorium Medis,Teknologi Laboratorium Medis
13353,D4,Kesehatan,11,Teknologi Laboratorium Medis (8); Analis Kesehatan (3),73%,,Teknologi Laboratorium Medis,Teknologi Laboratorium Medis
13453,D3,Kesehatan,61,Teknologi Laboratorium Medis (33); Analis Kesehatan (25); Analisis Kesehatan (2),54%,ya,Teknologi Laboratorium Medis,Teknologi Laboratorium Medis
43353,D4,Kesehatan,3,Teknologi Laboratorium Medis (3),100%,,Teknologi Laboratorium Medis,Teknologi Laboratorium Medis
11302,D4,Kesehatan,9,Teknologi Radiologi Pencitraan (9),100%,,Teknologi Radiologi Pencitraan,Radiologi
13354,D4,Kesehatan,6,Teknologi Radiologi Pencitraan (6),100%,,Teknologi Radiologi Pencitraan,Radiologi
12301,D4,Kesehatan,14,Terapi Gigi (14),100%,,Terapi Gigi,Kesehatan Gigi
11303,D4,Kesehatan,2,Terapi Okupasi (2),100%,,Terapi Okupasi,Okupasi Terapi
94400,D3,Kesehatan,1,Terapi Wicara (1),100%,,Terapi Wicara,Terapi Wicara
94305,D4,Kesehatan,2,Terapi Wicara dan Bahasa (2),100%,,Terapi Wicara dan Bahasa,Terapi Wicara
48402,D3,MIPA,10,Analis Farmasi dan Makanan (6); Analisis Farmasi Dan Makanan (2); Analis Farmasi (1),60%,ya,Analis Farmasi dan Makanan,Analis Farmasi dan Makanan
48404,D3,MIPA,6,Analisis Farmasi dan Makanan (5); Analis Farmasi dan Makanan (1),83%,,Analisis Farmasi dan Makanan,Analis Farmasi dan Makanan
47401,D3,MIPA,5,Analisis Kimia (1); Kimia (1); Kimia Industri (1),20%,ya,Analisis Kimia,Analisis Kimia
50201,S1,MIPA,2,Astronomi (1); Sains Atmosfir dan Keplanetan (1),50%,ya,Astronomi,Astronomi
47202,S1,MIPA,1,Biokimia (1),100%,,Biokimia,Biokimia
46201,S1,MIPA,128,Biologi (128),100%,,Biologi,Biologi
46206,S1,MIPA,1,Biologi (1),100%,,Biologi,Biologi
46204,S1,MIPA,5,Biologi Terapan (5),100%,,Biologi Terapan,Biologi
46207,S1,MIPA,2,Biosains Hewan (2),100%,,Biosains Hewan,Biologi
46401,D3,MIPA,1,Budi Daya Ikan (1),100%,,Budi Daya Ikan,Akuakultur
54349,D4,MIPA,1,Budidaya Perairan (1),100%,,Budidaya Perairan,Akuakultur
48201,S1,MIPA,255,Farmasi (253); Sains Dan Teknologi Farmasi (1); Teknik Kimia (1),99%,,Farmasi,Farmasi
48203,S1,MIPA,1,Farmasi (1),100%,,Farmasi,Farmasi
48301,D4,MIPA,1,Farmasi (1),100%,,Farmasi,Farmasi
48401,D3,MIPA,163,Farmasi (163),100%,,Farmasi,Farmasi
48202,S1,MIPA,16,Farmasi Klinik dan Komunitas (6); Farmasi Klinis (6); Farmasi Klinis dan Komunitas (4),38%,ya,Farmasi Klinik dan Komunitas,Farmasi
45201,S1,MIPA,86,Fisika (85); Tadris Fisika (1),99%,,Fisika,Fisika
33301,D4,MIPA,1,Geofisika (1),100%,,Geofisika,Geofisika
51201,S1,MIPA,16,Geografi (16),100%,,Geografi,Geografi
94203,S1,MIPA,23,Ilmu Aktuaria (8); Sains Aktuaria (8); Aktuaria (7),35%,ya,Ilmu Aktuaria,Ilmu Aktuaria
94208,S1,MIPA,4,Ilmu Aktuaria (4),100%,,Ilmu Aktuaria,Ilmu Aktuaria
50202,S1,MIPA,8,Ilmu Falak (7); Ilmu Falaq (1),88%,,Ilmu Falak,Ilmu Falak
57304,S1,MIPA,1,Informatika (1),100%,,Informatika,Teknik Informatika
20306,D4,MIPA,1,Instrumentasi Meteorologi Klimatologi dan Geofisika (1),100%,,Instrumentasi Meteorologi Klimatologi dan Geofisika,Meteorologi
48474,D3,MIPA,1,Jamu (1),100%,,Jamu,Pengobatan Tradisional
51211,S1,MIPA,1,Kartografi dan Penginderaan Jauh (1),100%,,Kartografi dan Penginderaan Jauh,Geografi
47201,S1,MIPA,99,Kimia (99),100%,,Kimia,Kimia
47204,S1,MIPA,1,Kimia (1),100%,,Kimia,Kimia
54310,D4,MIPA,1,Klimatologi (1),100%,,Klimatologi,Meteorologi
49502,D4,MIPA,1,Komputasi Statistik (1),100%,,Komputasi Statistik,Statistika
54255,S1,MIPA,1,Konservasi Biologi (1),100%,,Konservasi Biologi,Biologi
45402,D3,MIPA,1,Laboratorium Sains (1),100%,,Laboratorium Sains,Laboratorium Sains
54348,D4,MIPA,1,Manajemen Sumberdaya Perairan (1),100%,,Manajemen Sumberdaya Perairan,Manajemen Sumber Daya Perairan
44201,S1,MIPA,112,Matematika (110); Pendidikan Matematika (1); Tadris Matematika (1),98%,,Matematika,Matematika
44202,S1,MIPA,1,Matematika (1),100%,,Matematika,Matematika
42301,D3,MIPA,2,Mekanisasi Perikanan (2),100%,,Mekanisasi Perikanan,Mekanisasi Perikanan
33302,D4,MIPA,1,Meteorologi (1),100%,,Meteorologi,Meteorologi
46202,S1,MIPA,4,Mikrobiologi (3); Mikrobiologi Pertanian (1),75%,,Mikrobiologi,Mikrobiologi
84212,S1,MIPA,1,Pendidikan Matematika (1),100%,,Pendidikan Matematika,Pendidikan Matematika
51234,S1,MIPA,2,Pengolahan Hasil Perikanan (1); Teknologi Pengolahan Hasil Perikanan (1),50%,ya,Pengolahan Hasil Perikanan,Teknologi Hasil Perikanan
542431,S1,MIPA,2,Perikanan (1); Perikanan Laut Tropis (1),50%,ya,Perikanan,Ilmu Perikanan
49203,S1,MIPA,1,PJJ Sains Data (1),100%,,PJJ Sains Data,Sains Data
46203,S1,MIPA,4,Rekayasa Hayati (3); Bio Medis dan Rekayasa Hayati (1),75%,,Rekayasa Hayati,Rekayasa Hayati
30203,S1,MIPA,1,Rekayasa Nanoteknologi (1),100%,,Rekayasa Nanoteknologi,Rekayasa Nanoteknologi
94207,S1,MIPA,6,Sains Aktuaria (6),100%,,Sains Aktuaria,Ilmu Aktuaria
47203,S1,MIPA,1,Sains Analitik dan Instrumentasi Kimia (1),100%,,Sains Analitik dan Instrumentasi Kimia,Sains Analitik dan Instrumentasi Kimia
49202,S1,MIPA,52,Sains Data (50); Data Science (1); Teknologi Sains Data (1),96%,,Sains Data,Sains Data
49208,S1,MIPA,1,Sains Data (1),100%,,Sains Data,Sains Data
49304,D4,MIPA,4,Sains Data Terapan (4),100%,,Sains Data Terapan,Sains Data
51202,S1,MIPA,6,Sains Informasi Geografi (6),100%,,Sains Informasi Geografi,Geografi
49201,S1,MIPA,54,Statistika (50); Statistik (3); Statistika dan Sains Data (1),93%,,Statistika,Statistika
49401,D3,MIPA,7,Statistika (5); Statistika Terapan (1); Statistika Terapan dan Komputasi (1),71%,,Statistika,Statistika
49501,D4,MIPA,3,Statistika (2); Statistika Bisnis (1),67%,ya,Statistika,Statistika
49205,S1,MIPA,3,Statistika dan Sains Data (2); Statistika (1),67%,ya,Statistika dan Sains Data,Statistika
84210,S1,MIPA,4,Tadris IPA (4),100%,,Tadris IPA,Pendidikan Ilmu Pengetahuan Alam
54418,D3,MIPA,1,Teknik Penanganan Patologi Perikanan (1),100%,,Teknik Penanganan Patologi Perikanan,Akuakultur
51411,D3,MIPA,1,Teknologi Penginderaan Jauh (1),100%,,Teknologi Penginderaan Jauh,Geografi
84208,S1,MIPA;Pendidikan,23,Pendidikan Ilmu Pengetahuan Alam (22); Pendidikan Matematika (1),96%,ya,Pendidikan Ilmu Pengetahuan Alam,Pendidikan Ilmu Pengetahuan Alam
86204,S1,Pendidikan,19,Administrasi Pendidikan (16); Manajemen Pendidikan (3),84%,,Administrasi Pendidikan,Administrasi Pendidikan
862011,S1,Pendidikan,1,Bimbingan dan Konseling (1),100%,,Bimbingan Dan Konseling,Bimbingan Dan Konseling
86404,D4,Pendidikan,1,Bimbingan dan Konseling (1),100%,,Bimbingan Dan Konseling,Bimbingan Dan Konseling
89201,S1,Pendidikan,41,Ilmu Keolahragaan (32); Pendidikan Olah Raga (4); Pendidikan Olahraga (4),78%,,Ilmu Keolahragaan,Ilmu Keolahragaan
85401,D3,Pendidikan,1,Ilmu Kepelatihan Olah Raga (1),100%,,Ilmu Kepelatihan Olah Raga,Pendidikan Kepelatihan Olahraga
86250,S1,Pendidikan,1,Kebijakan Pendidikan (1),100%,,Kebijakan Pendidikan,Administrasi Pendidikan
85272,S1,Pendidikan,1,Kepelatihan Fisik Olahraga (1),100%,,Kepelatihan Fisik Olahraga,Pendidikan Kepelatihan Olahraga
85203,S1,Pendidikan,2,Kepelatihan Kecabangan Olahraga (1); Pendidikan Kepelatihan Olah Raga (1),50%,ya,Kepelatihan Kecabangan Olahraga,Pendidikan Kepelatihan Olahraga
85206,D4,Pendidikan,1,Kepelatihan Olahraga (1),100%,,Kepelatihan Olahraga,Pendidikan Kepelatihan Olahraga
86274,S1,Pendidikan,9,Manajemen Pendidikan Islam (9),100%,,Manajemen Pendidikan Islam,Manajemen Pendidikan Islam
85204,S1,Pendidikan,1,Olahraga Rekreasi (1),100%,,Olahraga Rekreasi,Ilmu Keolahragaan
87210,S1,Pendidikan,8,Pendidikan Administrasi Perkantoran (7); Pendidikan Bisnis (1),88%,,Pendidikan Administrasi Perkantoran,Pendidikan Administrasi Perkantoran
86214,S1,Pendidikan,13,Pendidikan Agama Hindu (13),100%,,Pendidikan Agama Hindu,Pendidikan Agama Hindu
86130,S1,Pendidikan,5,Pendidikan Agama Islam (5),100%,,Pendidikan Agama Islam,Pendidikan Agama Islam
86208,S1,Pendidikan,676,Pendidikan Agama Islam (489); Pendidikan Agama Kristen (160); Pendidikan Keagamaan Katolik (19),72%,,Pendidikan Agama Islam,Pendidikan Agama Islam
86230,S1,Pendidikan,161,Pendidikan Agama Islam (159); Pendidikan Jarak Jauh Pendidikan Agama Islam (1); Pendidikan Keagamaan Islam (1),99%,,Pendidikan Agama Islam,Pendidikan Agama Islam
86217,S1,Pendidikan,2,Pendidikan Agama Khonghucu (2),100%,,Pendidikan Agama Khonghucu,Pendidikan Agama Khonghucu
86213,S1,Pendidikan,132,Pendidikan Agama Kristen (128); Pendidikan Keagamaan Katolik (3); Pendidikan Agama Kristen - (1),97%,,Pendidikan Agama Kristen,Pendidikan Agama Kristen
87209,S1,Pendidikan,20,Pendidikan Akuntansi (20),100%,,Pendidikan Akuntansi,Pendidikan Akuntansi
87274,S1,Pendidikan,2,Pendidikan Antropologi (2),100%,,Pendidikan Antropologi,Pendidikan Antropologi
88004,S1,Pendidikan,2,Pendidikan Bahasa Arab (2),100%,,Pendidikan Bahasa Arab,Pendidikan Bahasa Arab
88104,S1,Pendidikan,1,Pendidikan Bahasa Arab (1),100%,,Pendidikan Bahasa Arab,Pendidikan Bahasa Arab
88204,S1,Pendidikan,226,Pendidikan Bahasa Arab (226),100%,,Pendidikan Bahasa Arab,Pendidikan Bahasa Arab
88202,S1,Pendidikan,16,Pendidikan Bahasa dan Sastra Daerah (5); Pendidikan Bahasa Dan Sastra Jawa (3); Pendidikan Bahasa Bali (2),31%,ya,Pendidikan Bahasa dan Sastra Daerah,Pendidikan Bahasa dan Sastra Daerah
88201,S1,Pendidikan,275,Pendidikan Bahasa Dan Sastra Indonesia (190); Pendidikan Bahasa Indonesia (57); Tadris Bahasa Indonesia (22),69%,ya,Pendidikan Bahasa Dan Sastra Indonesia,Pendidikan Bahasa dan Sastra Indonesia
882011,S1,Pendidikan,1,Pendidikan Bahasa dan Sastra Indonesia (1),100%,,Pendidikan Bahasa Dan Sastra Indonesia,Pendidikan Bahasa dan Sastra Indonesia
88226,S1,Pendidikan,5,Pendidikan Bahasa Indonesia (5),100%,,Pendidikan Bahasa Indonesia,Pendidikan Bahasa dan Sastra Indonesia
84223,S1,Pendidikan,1,Pendidikan Bahasa Inggris (1),100%,,Pendidikan Bahasa Inggris,Pendidikan Bahasa Inggris
87103,S1,Pendidikan,9,Pendidikan Bahasa Inggris (8); Pendidikan Ekonomi (1),89%,,Pendidikan Bahasa Inggris,Pendidikan Bahasa Inggris
88203,S1,Pendidikan,463,Pendidikan Bahasa Inggris (388); Tadris Bahasa Inggris (72); Bahasa Inggris (1),84%,,Pendidikan Bahasa Inggris,Pendidikan Bahasa Inggris
882031,S1,Pendidikan,1,Pendidikan Bahasa Inggris (1),100%,,Pendidikan Bahasa Inggris,Pendidikan Bahasa Inggris
882032,S1,Pendidikan,1,Pendidikan Bahasa Inggris (1),100%,,Pendidikan Bahasa Inggris,Pendidikan Bahasa Inggris
88282,S1,Pendidikan,1,Pendidikan Bahasa Jawa (1),100%,,Pendidikan Bahasa Jawa,Pendidikan Bahasa dan Sastra Daerah
88205,S1,Pendidikan,12,Pendidikan Bahasa Jepang (12),100%,,Pendidikan Bahasa Jepang,Pendidikan Bahasa Jepang
88207,S1,Pendidikan,10,Pendidikan Bahasa Jerman (10),100%,,Pendidikan Bahasa Jerman,Pendidikan Bahasa Jerman
88208,S1,Pendidikan,10,Pendidikan Bahasa Mandarin (10),100%,,Pendidikan Bahasa Mandarin,Pendidikan Bahasa Mandarin
88206,S1,Pendidikan,7,Pendidikan Bahasa Perancis (7),100%,,Pendidikan Bahasa Perancis,Pendidikan Bahasa Perancis
84025,S1,Pendidikan,51,Pendidikan Biologi (44); Tadris Biologi (7),86%,,Pendidikan Biologi,Pendidikan Biologi
84205,S1,Pendidikan,142,Pendidikan Biologi (130); Tadris Biologi (12),92%,,Pendidikan Biologi,Pendidikan Biologi
84026,S1,Pendidikan,1,Pendidikan Biologi K. Kab. Gayo Lues (1),100%,,Pendidikan Biologi K. Kab. Gayo Lues,Pendidikan Biologi
87211,S1,Pendidikan,3,Pendidikan Bisnis (1); Pendidikan Manajemen Perkantoran (1); Pendidikan Tata Niaga (1),33%,ya,Pendidikan Bisnis,Pendidikan Ekonomi
86234,S1,Pendidikan,2,Pendidikan Buddha Anak Usia Dini (1); Pendidikan Guru Pendidikan Anak Usia Dini (1),50%,ya,Pendidikan Buddha Anak Usia Dini,Pendidikan Guru Pendidikan Anak Usia Dini
87203,S1,Pendidikan,110,Pendidikan Ekonomi (109); Pendidikan Ekonomi Koperasi (1),99%,,Pendidikan Ekonomi,Pendidikan Ekonomi
84203,S1,Pendidikan,131,Pendidikan Fisika (119); Tadris Fisika (12),91%,,Pendidikan Fisika,Pendidikan Fisika
87202,S1,Pendidikan,55,Pendidikan Geografi (53); Pendidikan Ekonomi (2),96%,,Pendidikan Geografi,Pendidikan Geografi
87272,S1,Pendidikan,2,Pendidikan Geografi (2),100%,,Pendidikan Geografi,Pendidikan Geografi
86232,S1,Pendidikan,352,Pendidikan Guru Madrasah Ibtidaiyah (336); Pendidikan Guru Madrasah Ibtidaiyah (PGMI) (11); PGMI (2),95%,,Pendidikan Guru Madrasah Ibtidaiyah,Pendidikan Guru Madrasah Ibtidaiyah
86251,S1,Pendidikan,1,Pendidikan Guru Pendidikan Anak Usia Dini (1),100%,,Pendidikan Guru Pendidikan Anak Usia Dini,Pendidikan Guru Pendidikan Anak Usia Dini
86252,S1,Pendidikan,1,Pendidikan Guru Pendidikan Anak Usia Dini (1),100%,,Pendidikan Guru Pendidikan Anak Usia Dini,Pendidikan Guru Pendidikan Anak Usia Dini
86206,S1,Pendidikan,342,Pendidikan Guru Sekolah Dasar (336); PGSD (3); Pendidikan Guru Sekolah Dasar (PGSD) (1),98%,,Pendidikan Guru Sekolah Dasar,Pendidikan Guru Sekolah Dasar
862061,S1,Pendidikan,1,Pendidikan Guru Sekolah Dasar (1),100%,,Pendidikan Guru Sekolah Dasar,Pendidikan Guru Sekolah Dasar
862062,S1,Pendidikan,1,Pendidikan Guru Sekolah Dasar (1),100%,,Pendidikan Guru Sekolah Dasar,Pendidikan Guru Sekolah Dasar
86240,S1,Pendidikan,1,Pendidikan Guru Sekolah Dasar (1),100%,,Pendidikan Guru Sekolah Dasar,Pendidikan Guru Sekolah Dasar
86241,S1,Pendidikan,1,Pendidikan Guru Sekolah Dasar (1),100%,,Pendidikan Guru Sekolah Dasar,Pendidikan Guru Sekolah Dasar
86243,S1,Pendidikan,1,Pendidikan Guru Sekolah Dasar (1),100%,,Pendidikan Guru Sekolah Dasar,Pendidikan Guru Sekolah Dasar
84206,S1,Pendidikan,50,Pendidikan Ilmu Pengetahuan Alam (19); Tadris IPA (15); Pendidikan IPA (13),38%,ya,Pendidikan Ilmu Pengetahuan Alam,Pendidikan Ilmu Pengetahuan Alam
83209,S1,Pendidikan,2,Pendidikan Informatika (1); Pendidikan Vokasional Informatika (1),50%,ya,Pendidikan Informatika,Pendidikan Teknologi Informasi
86405,D4,Pendidikan,1,Pendidikan Inklusi (1),100%,,Pendidikan Inklusi,Pendidikan Luar Biasa
84201,S1,Pendidikan,17,Pendidikan IPA (6); Hubungan Internasional (5); Pendidikan Ilmu Pengetahuan Alam (4),35%,ya,Pendidikan IPA,Pendidikan IPA
86233,S1,Pendidikan,93,Pendidikan Islam Anak Usia Dini (87); Pendidikan Islam Anak Usia Dini (PIAUD) (5); Pendidikan Guru Raudhatul Athfal (1),94%,,Pendidikan Islam Anak Usia Dini,Pendidikan Islam Anak Usia Dini
86277,S1,Pendidikan,7,Pendidikan Islam Anak Usia Dini (5); Pendidikan Guru Pendidikan Anak Usia Dini (1); PSKGJ Pendidikan Anak Usia Dini (PAUD) (1),71%,,Pendidikan Islam Anak Usia Dini,Pendidikan Islam Anak Usia Dini
88229,S1,Pendidikan,1,Pendidikan Jarak Jauh Pendidikan Bahasa Arab (1),100%,,Pendidikan Jarak Jauh Pendidikan Bahasa Arab,Pendidikan Bahasa Arab
86249,S1,Pendidikan,1,Pendidikan Jarak Jauh Pendidikan Guru Madrasah Ibtidaiyah (1),100%,,Pendidikan Jarak Jauh Pendidikan Guru Madrasah Ibtidaiyah,Pendidikan Guru Madrasah Ibtidaiyah
852011,S1,Pendidikan,1,Pendidikan Jasmani (1),100%,,Pendidikan Jasmani,"Pendidikan Jasmani, Kesehatan dan Rekreasi"
85207,S1,Pendidikan,16,Pendidikan Jasmani (15); Pendidikan Jasmani Sekolah Dasar (1),94%,,Pendidikan Jasmani,"Pendidikan Jasmani, Kesehatan dan Rekreasi"
85271,S1,Pendidikan,2,"Pendidikan Jasmani, Kesehatan & Rekreasi (1); Pendidikan Jasmani, Kesehatan, dan Rekreasi (1)",50%,ya,"Pendidikan Jasmani, Kesehatan & Rekreasi","Pendidikan Jasmani, Kesehatan dan Rekreasi"
85201,S1,Pendidikan,131,"Pendidikan Jasmani, Kesehatan dan Rekreasi (34); Pendidikan Jasmani (32); Pendidikan Jasmani Kesehatan dan Rekreasi (19)",26%,ya,"Pendidikan Jasmani, Kesehatan dan Rekreasi","Pendidikan Jasmani, Kesehatan dan Rekreasi"
85208,S1,Pendidikan,1,"Pendidikan Jasmani, Kesehatan, dan Rekreasi (1)",100%,,"Pendidikan Jasmani, Kesehatan, dan Rekreasi","Pendidikan Jasmani, Kesehatan dan Rekreasi"
86215,S1,Pendidikan,12,Pendidikan Keagamaan Buddha (12),100%,,Pendidikan Keagamaan Buddha,Pendidikan Agama Buddha
85202,S1,Pendidikan,31,Pendidikan Kepelatihan Olahraga (22); Pendidikan Olahraga (4); Pendidikan Olah Raga (2),71%,,Pendidikan Kepelatihan Olahraga,Pendidikan Kepelatihan Olahraga
85210,S1,Pendidikan,19,Pendidikan Kepelatihan Olahraga (19),100%,,Pendidikan Kepelatihan Olahraga,Pendidikan Kepelatihan Olahraga
85304,S1,Pendidikan,1,Pendidikan Kepelatihan Olahraga (1),100%,,Pendidikan Kepelatihan Olahraga,Pendidikan Kepelatihan Olahraga
86220,S1,Pendidikan,1,Pendidikan Kepercayaan Terhadap Tuhan Yang Maha Esa (1),100%,,Pendidikan Kepercayaan Terhadap Tuhan Yang Maha Esa,Pendidikan Kepercayaan Terhadap Tuhan Yang Maha Esa
83206,S1,Pendidikan,12,Pendidikan Kesejahteraan Keluarga (10); Pendidikan Vokasional Kesejahteraan Keluarga (2),83%,,Pendidikan Kesejahteraan Keluarga,Pendidikan Kesejahteraan Keluarga
86222,S1,Pendidikan,9,Pendidikan Khusus (9),100%,,Pendidikan Khusus,Pendidikan Luar Biasa
86257,S1,Pendidikan,1,Pendidikan Khusus (1),100%,,Pendidikan Khusus,Pendidikan Luar Biasa
84204,S1,Pendidikan,81,Pendidikan Kimia (72); Tadris Kimia (9),89%,,Pendidikan Kimia,Pendidikan Kimia
88211,S1,Pendidikan,1,Pendidikan Kriya (1),100%,,Pendidikan Kriya,Pendidikan Kriya
86202,S1,Pendidikan,28,Pendidikan Luar Biasa (11); Pendidikan Khusus (8); Pendidikan Anak Usia Dini (4),39%,ya,Pendidikan Luar Biasa,Pendidikan Luar Biasa
86272,S1,Pendidikan,1,Pendidikan Luar Biasa (1),100%,,Pendidikan Luar Biasa,Pendidikan Luar Biasa
86205,S1,Pendidikan,26,Pendidikan Luar Sekolah (12); Pendidikan Masyarakat (7); Pendidikan Non Formal (3),46%,ya,Pendidikan Luar Sekolah,Pendidikan Luar Sekolah
86227,S1,Pendidikan,6,Pendidikan Masyarakat (6),100%,,Pendidikan Masyarakat,Pendidikan Luar Sekolah
84202,S1,Pendidikan,380,Pendidikan Matematika (335); Tadris Matematika (45),88%,,Pendidikan Matematika,Pendidikan Matematika
842021,S1,Pendidikan,1,Pendidikan Matematika (1),100%,,Pendidikan Matematika,Pendidikan Matematika
842022,S1,Pendidikan,1,Pendidikan Matematika (1),100%,,Pendidikan Matematika,Pendidikan Matematika
87121,S1,Pendidikan,10,Pendidikan Musik (6); Pendidikan Musik Gereja (3); Musik Gerejawi (1),60%,ya,Pendidikan Musik,Pendidikan Musik
86229,S1,Pendidikan,4,Pendidikan Non Formal (2); Pendidikan Nonformal (2),50%,ya,Pendidikan Non Formal,Pendidikan Luar Sekolah
87057,S1,Pendidikan,9,Pendidikan Pancasila dan Kewarganegaraan (8); Pendidikan Kewarganegaraan (1),89%,,Pendidikan Pancasila Dan Kewarganegaraan,Pendidikan Pancasila Dan Kewarganegaraan
87205,S1,Pendidikan,118,Pendidikan Pancasila Dan Kewarganegaraan (117); Pendidikan Kewarganegaraan (1),99%,,Pendidikan Pancasila Dan Kewarganegaraan,Pendidikan Pancasila Dan Kewarganegaraan
87258,S1,Pendidikan,6,Pendidikan Pancasila dan Kewarganegaraan (6),100%,,Pendidikan Pancasila Dan Kewarganegaraan,Pendidikan Pancasila Dan Kewarganegaraan
87201,S1,Pendidikan,85,Pendidikan Sejarah (84); Pendidikan Sejarah dan Sosiologi (1),99%,,Pendidikan Sejarah,Pendidikan Sejarah
88216,S1,Pendidikan,2,Pendidikan Seni dan Keagamaan (1); Pendidikan Seni Tari (1),50%,ya,Pendidikan Seni dan Keagamaan,Pendidikan Seni dan Keagamaan
88209,S1,Pendidikan,26,"Pendidikan Seni Drama, Tari Dan Musik (8); Pendidikan Seni Drama Tari dan Musik (5); Pendidikan Seni Pertunjukan (5)",31%,ya,"Pendidikan Seni Drama, Tari Dan Musik","Pendidikan Seni Drama, Tari dan Musik"
88210,S1,Pendidikan,18,Pendidikan Seni Rupa (17); Seni Rupa Murni (1),94%,,Pendidikan Seni Rupa,Pendidikan Seni Rupa
87204,S1,Pendidikan,22,Pendidikan Sosiologi (19); Pendidikan Antropologi (1); Pendidikan Sosiologi Antropologi (1),86%,,Pendidikan Sosiologi,Pendidikan Sosiologi
88212,S1,Pendidikan,6,Pendidikan Tari (3); Pendidikan Seni Tari (2); Seni Tari (1),50%,ya,Pendidikan Tari,Pendidikan Tari
83211,S1,Pendidikan,10,Pendidikan Tata Boga (7); Pendidikan Vokasional Seni Kuliner (3),70%,,Pendidikan Tata Boga,Pendidikan Tata Boga
83212,S1,Pendidikan,6,Pendidikan Tata Busana (6),100%,,Pendidikan Tata Busana,Pendidikan Tata Busana
83213,S1,Pendidikan,4,Pendidikan Tata Rias (3); Pendidikan Tata Kecantikan (1),75%,,Pendidikan Tata Rias,Pendidikan Tata Rias
83214,S1,Pendidikan,1,Pendidikan Tata Rias (1),100%,,Pendidikan Tata Rias,Pendidikan Tata Rias
83313,D4,Pendidikan,1,Pendidikan Tata Rias Dan Kecantikan (1),100%,,Pendidikan Tata Rias Dan Kecantikan,Pendidikan Tata Rias
83208,S1,Pendidikan,1,Pendidikan Teknik Arsitektur (1),100%,,Pendidikan Teknik Arsitektur,Pendidikan Teknik Bangunan
83205,S1,Pendidikan,15,Pendidikan Teknik Bangunan (13); Pendidikan Teknik Sipil dan Perencanaan (1); Pendidikan Vokasional Konstruksi Bangunan (1),87%,,Pendidikan Teknik Bangunan,Pendidikan Teknik Bangunan
83201,S1,Pendidikan,15,Pendidikan Teknik Elektro (14); Pendidikan Vokasional Teknik Elektro (1),93%,,Pendidikan Teknik Elektro,Pendidikan Teknik Elektro
83202,S1,Pendidikan,5,Pendidikan Teknik Elektronika (4); Pendidikan Vokasional Teknik Elektronika (1),80%,,Pendidikan Teknik Elektronika,Pendidikan Teknik Elektronika
83203,S1,Pendidikan,21,Pendidikan Teknik Mesin (17); Pendidikan Vokasional Teknik Mesin (4),81%,,Pendidikan Teknik Mesin,Pendidikan Teknik Mesin
83204,S1,Pendidikan,14,Pendidikan Teknik Otomotif (7); Pendidikan Vokasional Teknologi Otomotif (6); Pendidkan Teknik Otomotif (1),50%,ya,Pendidikan Teknik Otomotif,Pendidikan Teknik Otomotif
84211,S1,Pendidikan,2,Pendidikan Teknologi Agroindustri (1); Teknologi Agroindustri (1),50%,ya,Pendidikan Teknologi Agroindustri,Pendidikan Teknologi Agroindustri
83207,S1,Pendidikan,91,Pendidikan Teknologi Informasi (54); Pendidikan Informatika (10); Pendidikan Teknik Informatika (7),59%,ya,Pendidikan Teknologi Informasi,Pendidikan Teknologi Informasi
82119,S1,Pendidikan,4,Pendidikan Vokasional Desain Fashion (4),100%,,Pendidikan Vokasional Desain Fashion,Pendidikan Tata Busana
83216,S1,Pendidikan,1,Pendidikan Vokasional Kesejahteraan Keluarga (1),100%,,Pendidikan Vokasional Kesejahteraan Keluarga,Pendidikan Kesejahteraan Keluarga
82120,S1,Pendidikan,2,Pendidikan Vokasional Seni Kuliner (2),100%,,Pendidikan Vokasional Seni Kuliner,Pendidikan Tata Boga
83315,S1,Pendidikan,2,Pendidikan Vokasional Tata Rias (2),100%,,Pendidikan Vokasional Tata Rias,Pendidikan Tata Rias
85209,S1,Pendidikan,1,Pendidikan Vokasional Teknik (1),100%,,Pendidikan Vokasional Teknik,Pendidikan Vokasional Teknik
85211,S1,Pendidikan,1,Pendidikan Vokasional Teknik Elektronika (1),100%,,Pendidikan Vokasional Teknik Elektronika,Pendidikan Teknik Elektronika
85213,S1,Pendidikan,2,Pendidikan Vokasional Teknologi Otomotif (2),100%,,Pendidikan Vokasional Teknologi Otomotif,Pendidikan Teknik Otomotif
86218,S1,Pendidikan,3,Pendidikan Vokasional Teknologi Otomotif (2); Pendidikan Vokasional Teknik Elektronika (1),67%,ya,Pendidikan Vokasional Teknologi Otomotif,Pendidikan Teknik Otomotif
86280,S1,Pendidikan,1,PGPAUD Kampus Cibiru (1),100%,,PGPAUD Kampus Cibiru,Pendidikan Guru Pendidikan Anak Usia Dini
86281,S1,Pendidikan,1,PGPAUD Kampus Purwakarta (1),100%,,PGPAUD Kampus Purwakarta,Pendidikan Guru Pendidikan Anak Usia Dini
86282,S1,Pendidikan,1,PGPAUD Kampus Serang (1),100%,,PGPAUD Kampus Serang,Pendidikan Guru Pendidikan Anak Usia Dini
86283,S1,Pendidikan,1,PGPAUD Kampus Tasikmalaya (1),100%,,PGPAUD Kampus Tasikmalaya,Pendidikan Guru Pendidikan Anak Usia Dini
86284,S1,Pendidikan,1,PGSD Kampus Cibiru (1),100%,,PGSD Kampus Cibiru,Pendidikan Guru Sekolah Dasar
86285,S1,Pendidikan,1,PGSD Kampus Purwakarta (1),100%,,PGSD Kampus Purwakarta,Pendidikan Guru Sekolah Dasar
86286,S1,Pendidikan,1,PGSD Kampus Serang (1),100%,,PGSD Kampus Serang,Pendidikan Guru Sekolah Dasar
86287,S1,Pendidikan,1,PGSD Kampus Sumedang (1),100%,,PGSD Kampus Sumedang,Pendidikan Guru Sekolah Dasar
86288,S1,Pendidikan,1,PGSD Kampus Tasikmalaya (1),100%,,PGSD Kampus Tasikmalaya,Pendidikan Guru Sekolah Dasar
89202,S1,Pendidikan,4,PGSD Pendidikan Jasmani (2); Pendidikan Jasmani (1); Pendidikan Jasmani Sekolah Dasar (1),50%,ya,PGSD Pendidikan Jasmani,"Pendidikan Jasmani, Kesehatan dan Rekreasi"
89270,S1,Pendidikan,1,PGSD Penjas Kampus Sumedang (1),100%,,PGSD Penjas Kampus Sumedang,"Pendidikan Jasmani, Kesehatan dan Rekreasi"
86219,S1,Pendidikan,1,PJJ Pendidikan Guru Pendidikan Anak Usia Dini (1),100%,,PJJ Pendidikan Guru Pendidikan Anak Usia Dini,Pendidikan Guru Pendidikan Anak Usia Dini
86209,S1,Pendidikan,4,PJJ Pendidikan Guru Sekolah Dasar (4),100%,,PJJ Pendidikan Guru Sekolah Dasar,Pendidikan Guru Sekolah Dasar
88271,S1,Pendidikan,1,PSKGJ Pendidikan Bahasa Indonesia dan Daerah (1),100%,,PSKGJ Pendidikan Bahasa Indonesia dan Daerah,Pendidikan Bahasa dan Sastra Indonesia
88273,S1,Pendidikan,2,PSKGJ Pendidikan Bahasa Inggris (1); Tadris Bahasa Inggris (1),50%,ya,PSKGJ Pendidikan Bahasa Inggris,Pendidikan Bahasa Inggris
84275,S1,Pendidikan,1,PSKGJ Pendidikan Biologi (1),100%,,PSKGJ Pendidikan Biologi,Pendidikan Biologi
86276,S1,Pendidikan,2,PSKGJ Pendidikan Guru Sekolah Dasar(PGSD) (2),100%,,PSKGJ Pendidikan Guru Sekolah Dasar(PGSD),Pendidikan Guru Sekolah Dasar
84272,S1,Pendidikan,1,PSKGJ Pendidikan Matematika (1),100%,,PSKGJ Pendidikan Matematika,Pendidikan Matematika
88225,S1,Pendidikan,4,Tadris Bahasa Indonesia (4),100%,,Tadris Bahasa Indonesia,Pendidikan Bahasa dan Sastra Indonesia
88222,S1,Pendidikan,16,Tadris Bahasa Inggris (16),100%,,Tadris Bahasa Inggris,Pendidikan Bahasa Inggris
88224,S1,Pendidikan,1,Tadris Biologi (1),100%,,Tadris Biologi,Pendidikan Biologi
84207,S1,Pendidikan,21,Tadris IPS (10); Pendidikan IPS (7); Pendidikan Ilmu Pengetahuan Sosial (3),48%,ya,Tadris IPS,Pendidikan Ilmu Pengetahuan Sosial
88223,S1,Pendidikan,8,Tadris Matematika (8),100%,,Tadris Matematika,Pendidikan Matematika
86203,S1,Pendidikan,27,Teknologi Pendidikan (27),100%,,Teknologi Pendidikan,Teknologi Pendidikan
862031,S1,Pendidikan,1,Teknologi Pendidikan (1),100%,,Teknologi Pendidikan,Teknologi Pendidikan
86231,S1,Pendidikan;Agama,223,Manajemen Pendidikan Islam (207); Manajemen Pendidikan (7); Manajemen Pendidikan Islam (Kependidikan Islam) (3),93%,ya,Manajemen Pendidikan Islam,Manajemen Pendidikan Islam
86207,S1,Pendidikan;Agama;Ekonomi,231,Pendidikan Guru Pendidikan Anak Usia Dini (145); Pendidikan Islam Anak Usia Dini (72); Pendidikan Islam Anak Usia Dini (PIAUD) (5),63%,ya,Pendidikan Guru Pendidikan Anak Usia Dini,Pendidikan Guru Pendidikan Anak Usia Dini
86201,S1,Pendidikan;Sosial,140,Bimbingan Dan Konseling (101); Bimbingan dan Konseling Pendidikan Islam (13); Bimbingan Konseling (13),72%,ya,Bimbingan Dan Konseling,Bimbingan Dan Konseling
54201,S1,Pertanian,267,Agribisnis (264); Agrobisnis (2); Agribinis (1),99%,,Agribisnis,Agribisnis
54210,S1,Pertanian,1,Agribisnis (1),100%,,Agribisnis,Agribisnis
54218,S1,Pertanian,1,Agribisnis (1),100%,,Agribisnis,Agribisnis
54235,S1,Pertanian,1,Agribisnis (1),100%,,Agribisnis,Agribisnis
54290,S1,Pertanian,2,Agribisnis (1); Ekonomi Sumberdaya Dan Lingkungan (1),50%,ya,Agribisnis,Agribisnis
54299,S1,Pertanian,3,Agribisnis (1); Ekonomi Pertanian dan Agribisnis (1); Sosial Ekonomi Pertanian (1),33%,ya,Agribisnis,Agribisnis
54401,D3,Pertanian,13,Agribisnis (3); Agrobisnis (3); Manajemen Agribisnis (3),23%,ya,Agribisnis,Agribisnis
54404,D3,Pertanian,1,Agribisnis (1),100%,,Agribisnis,Agribisnis
54228,S1,Pertanian,1,Agribisnis Digital (1),100%,,Agribisnis Digital,Agribisnis
54311,D4,Pertanian,5,Agribisnis Hortikultura (2); Agribisnis Pangan (1); Pengelolaan Agribisnis Perkebunan (1),40%,ya,Agribisnis Hortikultura,Agribisnis
54281,S1,Pertanian,2,Agribisnis K. Mataram (1); Agroekoteknologi (1),50%,ya,Agribisnis K. Mataram,Agribisnis K. Mataram
54226,S1,Pertanian,1,Agribisnis Kampus Batang (1),100%,,Agribisnis Kampus Batang,Agribisnis
54302,D4,Pertanian,8,Agribisnis Pangan (4); Pengelolaan Agribisnis (3); Manajemen Agribisnis (1),50%,ya,Agribisnis Pangan,Agribisnis
54336,D4,Pertanian,1,Agribisnis Perikanan (1),100%,,Agribisnis Perikanan,Agribisnis Perikanan
54445,D3,Pertanian,4,Agribisnis Perikanan (3); Budidaya Perikanan (1),75%,,Agribisnis Perikanan,Agribisnis Perikanan
54335,D4,Pertanian,10,Agribisnis Peternakan (7); Agribisnis Perikanan (3),70%,,Agribisnis Peternakan,Agribisnis
54435,D3,Pertanian,1,Agribisnis Peternakan (1),100%,,Agribisnis Peternakan,Agribisnis
54331,D4,Pertanian,3,Agribisnis Unggas (1); Manajemen Bisnis Unggas (1); Teknologi Pakan Ternak (1),33%,ya,Agribisnis Unggas,Agribisnis Unggas
54411,D3,Pertanian,2,Agro Industri (1); Teknologi Industri Benih (1),50%,ya,Agro Industri,Agro Industri
54245,S1,Pertanian,20,Agrobisnis Perikanan (14); Sosial Ekonomi Perikanan (4); Agribisnis (1),70%,,Agrobisnis Perikanan,Agribisnis Perikanan
54212,S1,Pertanian,3,Agroekoteknologi (1); Agroteknologi (1); Agroteknologi K. Kab. Gayo Lues (1),33%,ya,Agroekoteknologi,Agroteknologi
54282,S1,Pertanian,2,Agroekoteknologi (2),100%,,Agroekoteknologi,Agroteknologi
54293,S1,Pertanian,4,Agroekoteknologi (1); Agroteknologi (1); Pemuliaan dan Bioteknologi Tanaman (1),25%,ya,Agroekoteknologi,Agroteknologi
41011,D3,Pertanian,1,Agroindustri (1),100%,,Agroindustri,Teknologi Industri Pertanian
41411,D3,Pertanian,6,Agroindustri (4); Teknologi Pertanian (1); Teknologi Produksi (1),67%,ya,Agroindustri,Teknologi Industri Pertanian
52220,S1,Pertanian,1,Agronomi (1),100%,,Agronomi,Agroteknologi
54204,S1,Pertanian,9,Agronomi (8); Sains Perkopian (1),89%,,Agronomi,Agroteknologi
54297,S1,Pertanian,4,Agronomi (1); Agronomi dan Hortikultura (1); Agroteknologi (1),25%,ya,Agronomi,Agroteknologi
54211,S1,Pertanian,262,Agroteknologi (245); Agroekoteknologi (13); Agribisnis (1),94%,,Agroteknologi,Agroteknologi
54216,S1,Pertanian,1,Agroteknologi (1),100%,,Agroteknologi,Agroteknologi
54219,S1,Pertanian,1,Agroteknologi (1),100%,,Agroteknologi,Agroteknologi
54213,S1,Pertanian,1,Agroteknologi Kampus Kab. Tojo Una-una (1),100%,,Agroteknologi Kampus Kab. Tojo Una-una,Agroteknologi
54220,S1,Pertanian,1,Agroteknologi Kampus Kabupaten Nias Utara (1),100%,,Agroteknologi Kampus Kabupaten Nias Utara,Agroteknologi
54229,S1,Pertanian,1,Akuakultur (1),100%,,Akuakultur,Akuakultur
54250,S1,Pertanian,26,Akuakultur (26),100%,,Akuakultur,Akuakultur
54224,S1,Pertanian,1,"Akuakultur Fakultas Ilmu Kesehatan, Kedokteran, dan Ilmu Alam Banyuwangi (1)",100%,,"Akuakultur Fakultas Ilmu Kesehatan, Kedokteran, dan Ilmu Alam Banyuwangi",Akuakultur
54214,S1,Pertanian,5,Arsitektur Lanskap (4); Pertamanan (1),80%,,Arsitektur Lanskap,Arsitektur Lanskap
54292,S1,Pertanian,1,Arsitektur Lanskap (1),100%,,Arsitektur Lanskap,Arsitektur Lanskap
54248,S1,Pertanian,1,Bio Teknologi (1),100%,,Bio Teknologi,Bioteknologi
54207,S1,Pertanian,24,Bioteknologi (24),100%,,Bioteknologi,Bioteknologi
54303,D4,Pertanian,4,Bioteknologi Perikanan (2); Teknologi Pembenihan Ikan (2),50%,ya,Bioteknologi Perikanan,Akuakultur
54447,D3,Pertanian,17,Budi Daya Ikan (5); Budidaya Perikanan (4); Teknik Budidaya Perikanan (4),29%,ya,Budi Daya Ikan,Akuakultur
54449,D3,Pertanian,2,Budi Daya Ikan (1); Budidaya Ikan (1),50%,ya,Budi Daya Ikan,Akuakultur
54412,D3,Pertanian,8,Budi Daya Tanaman Hortikultura (2); Hortikultura (2); Tanaman Pangan dan Hortikultura (2),25%,ya,Budi Daya Tanaman Hortikultura,Agroteknologi
54452,D3,Pertanian,2,Budidaya Hutan (2),100%,,Budidaya Hutan,Kehutanan
54243,S1,Pertanian,59,Budidaya Perairan (50); Akuakultur (7); Budi Daya Perairan (1),85%,,Budidaya Perairan,Akuakultur
54419,D3,Pertanian,1,Budidaya Pertanian Lahan Kering (1),100%,,Budidaya Pertanian Lahan Kering,Agroteknologi
54416,D3,Pertanian,8,Budidaya Tanaman Pangan (5); Budi Daya Tanaman Perkebunan (1); Budidaya Pertanian (1),63%,ya,Budidaya Tanaman Pangan,Agroteknologi
54371,D4,Pertanian,9,Budidaya Tanaman Perkebunan (3); Teknologi Produksi Tanaman Perkebunan (2); Budidaya Perkebunan (1),33%,ya,Budidaya Tanaman Perkebunan,Pengelolaan Perkebunan
54471,D3,Pertanian,11,Budidaya Tanaman Perkebunan (8); Budidaya Hasil Perkebunan Kelapa Sawit (1); Pengelolaan Hasil Perkebunan (1),73%,,Budidaya Tanaman Perkebunan,Pengelolaan Perkebunan
54433,D3,Pertanian,9,Budidaya Ternak (4); Budi Daya Ternak (2); Budidaya Peternakan (1),44%,ya,Budidaya Ternak,Peternakan
54453,D3,Pertanian,4,Ekowisata (2); Konservasi Sumberdaya Hutan (1); Manajemen Sumber Daya Hutan (1),50%,ya,Ekowisata,Ekowisata
41203,D4;S1,Pertanian,14,Ilmu dan Teknologi Pangan (7); Teknologi Pangan (3); Nutrisi dan Teknologi Pakan Ternak (1),50%,ya,Ilmu dan Teknologi Pangan,Teknologi Pangan
54241,D4;S1,Pertanian,49,Ilmu Kelautan (44); Ilmu Dan Teknologi Kelautan (1); Oseanografi (1),90%,,Ilmu Kelautan,Ilmu Kelautan
54291,S1,Pertanian,1,Ilmu Keluarga Dan Konsumen (1),100%,,Ilmu Keluarga Dan Konsumen,Ilmu Keluarga Dan Konsumen
41234,S1,Pertanian,2,Ilmu Perikanan (1); Teknologi Hasil Perikanan (1),50%,ya,Ilmu Perikanan,Ilmu Perikanan
54223,S1,Pertanian,4,Ilmu Perikanan (3); Sains Perikanan (1),75%,,Ilmu Perikanan,Ilmu Perikanan
54247,S1,Pertanian,12,Ilmu Perikanan (9); Budidaya Perikanan (2); Akuakultur (1),75%,,Ilmu Perikanan,Ilmu Perikanan
54205,S1,Pertanian,2,Ilmu Pertanian (1); Teknologi Hasil Pertanian (1),50%,ya,Ilmu Pertanian,Ilmu Pertanian
54217,S1,Pertanian,3,Ilmu Pertanian (3),100%,,Ilmu Pertanian,Agroteknologi
54271,S1,Pertanian,7,Ilmu Pertanian (3); Budidaya Perkebunan (1); Budidaya Pertanian (1),43%,ya,Ilmu Pertanian,Agroteknologi
54200,S1,Pertanian,1,Ilmu Tanah (1),100%,,Ilmu Tanah,Ilmu Tanah
54294,S1,Pertanian,19,Ilmu Tanah (18); Manajemen Sumberdaya Lahan (1),95%,,Ilmu Tanah,Ilmu Tanah
54275,S1,Pertanian,1,Industri Peternakan Cerdas (1),100%,,Industri Peternakan Cerdas,Peternakan
54261,S1,Pertanian,14,Kedokteran Hewan (11); Pendidikan Dokter Hewan (3),79%,,Kedokteran Hewan,Kedokteran Hewan
54251,S1,Pertanian,67,Kehutanan (63); Rekayasa Kehutanan (2); Manajemen Hutan (1),94%,,Kehutanan,Kehutanan
54252,S1,Pertanian,2,Kehutanan (1); Rekayasa Kehutanan (1),50%,ya,Kehutanan,Kehutanan
54254,S1,Pertanian,1,Kehutanan K. Kab. Gayo Lues (1),100%,,Kehutanan K. Kab. Gayo Lues,Kehutanan
54461,D3,Pertanian,7,Kesehatan Hewan (6); Paramedik Veteriner (1),86%,,Kesehatan Hewan,Kesehatan Hewan
41401,D3,Pertanian,7,Keteknikan Pertanian (1); Mekanisasi Perikanan (1); Mekanisasi Pertanian (1),14%,ya,Keteknikan Pertanian,Keteknikan Pertanian
54298,S1,Pertanian,2,Komunikasi dan Pengembangan Masyarakat (1); Penyuluhan dan Komunikasi Pertanian (1),50%,ya,Komunikasi dan Pengembangan Masyarakat,Penyuluhan Pertanian
54403,D3,Pertanian,1,Komunikasi Penerbangan (1),100%,,Komunikasi Penerbangan,Komunikasi Penerbangan
54256,S1,Pertanian,6,Konservasi Hutan (3); Konservasi Sumber Daya Alam (2); Konservasi Sumberdaya Hutan Dan Ekowisata (1),50%,ya,Konservasi Hutan,Kehutanan
54304,D4,Pertanian,5,Manajemen Agribisnis (5),100%,,Manajemen Agribisnis,Agribisnis
54305,D4,Pertanian,1,Manajemen Agribisnis (1),100%,,Manajemen Agribisnis,Agribisnis
54402,D3,Pertanian,1,Manajemen Agribisnis (1),100%,,Manajemen Agribisnis,Agribisnis
41312,D4,Pertanian,1,Manajemen Agroindustri (1),100%,,Manajemen Agroindustri,Teknologi Industri Pertanian
54258,S1,Pertanian,3,Manajemen Hutan (2); Pengelolaan Hutan (1),67%,ya,Manajemen Hutan,Kehutanan
54454,D3,Pertanian,2,Manajemen Hutan Alam Produksi (1); Pengelolaan Hutan (1),50%,ya,Manajemen Hutan Alam Produksi,Kehutanan
54415,D3,Pertanian,4,Manajemen Lahan Kering (1); Manajemen Pertanian Lahan Kering (1); Perencanaan Sumber Daya Lahan (1),25%,ya,Manajemen Lahan Kering,Agroteknologi
54340,D4,Pertanian,3,Manajemen Rekayasa Perikanan Tangkap (1); Pengelolaan Perikanan Pesisir (1); Teknologi Penangkapan Ikan (1),33%,ya,Manajemen Rekayasa Perikanan Tangkap,Perikanan Tangkap
54242,S1,Pertanian,51,Manajemen Sumber Daya Perairan (28); Manajemen Sumberdaya Perairan (7); Perikanan (5),55%,ya,Manajemen Sumber Daya Perairan,Manajemen Sumber Daya Perairan
54260,S1,Pertanian,1,Manajemen Sumberdaya Perairan (1),100%,,Manajemen Sumberdaya Perairan,Manajemen Sumber Daya Perairan
54266,S1,Pertanian,1,Manajemen Sumberdaya Perairan Kampus Kabupaten Nias Utara (1),100%,,Manajemen Sumberdaya Perairan Kampus Kabupaten Nias Utara,Manajemen Sumber Daya Perairan
41402,D3,Pertanian,2,Mekanisasi Perikanan (1); Tata Air Pertanian (1),50%,ya,Mekanisasi Perikanan,Mekanisasi Perikanan
54431,D3,Pertanian,1,Nutrisi Dan Makanan Ternak (1),100%,,Nutrisi Dan Makanan Ternak,Peternakan
54239,S1,Pertanian,5,Nutrisi dan Teknologi Pakan Ternak (3); Nustrisi dan Teknologi Pakan Ternak (1); Nutrisi dan Teknologi Pakan (1),60%,ya,Nutrisi dan Teknologi Pakan Ternak,Peternakan
54240,S1,Pertanian,4,Nutrisi dan Teknologi Pakan Ternak (4),100%,,Nutrisi dan Teknologi Pakan Ternak,Peternakan
54363,D4,Pertanian,1,Paramedik Veteriner (1),100%,,Paramedik Veteriner,Kesehatan Hewan
54246,S1,Pertanian,45,Pemanfaatan Sumber Daya Perikanan (22); Perikanan Tangkap (7); Manajemen Sumber Daya Perairan (6),49%,ya,Pemanfaatan Sumber Daya Perikanan,Perikanan Tangkap
54227,S1,Pertanian,1,Pembangunan Pertanian (1),100%,,Pembangunan Pertanian,Pembangunan Pertanian
54307,D4,Pertanian,1,Pemuliaan Tanaman dan Teknologi Benih (1),100%,,Pemuliaan Tanaman dan Teknologi Benih,Agroteknologi
84209,S1,Pertanian,1,Pendidikan Vokasional Agribisnis (1),100%,,Pendidikan Vokasional Agribisnis,Pendidikan Vokasional Agribisnis
80202,S1,Pertanian,1,Pendidikan Vokasional Teknik Pertanian (1),100%,,Pendidikan Vokasional Teknik Pertanian,Pendidikan Vokasional Teknik Pertanian
41331,D4,Pertanian,3,Pengelolaan Agribisnis (1); Teknik Produksi Benih (1); Teknologi Perbenihan (1),33%,ya,Pengelolaan Agribisnis,Pengelolaan Agribisnis
55478,D4,Pertanian,1,Pengelolaan Agribisnis (1),100%,,Pengelolaan Agribisnis,Agribisnis
55477,D4,Pertanian,1,Pengelolaan Agribisnis Perkebunan (1),100%,,Pengelolaan Agribisnis Perkebunan,Agribisnis
42334,D4,Pertanian,1,Pengelolaan dan Teknologi Perkebunan (1),100%,,Pengelolaan dan Teknologi Perkebunan,Pengelolaan Perkebunan
54352,D4,Pertanian,2,Pengelolaan Hutan (2),100%,,Pengelolaan Hutan,Kehutanan
54357,D4,Pertanian,6,Pengelolaan Perkebunan (3); Manajemen Perkebunan (1); Pengelolaan Perkebunan Kopi (1),50%,ya,Pengelolaan Perkebunan,Pengelolaan Perkebunan
54457,D3,Pertanian,2,Pengelolaan Perkebunan (1); Perkebunan (1),50%,ya,Pengelolaan Perkebunan,Pengelolaan Perkebunan
54460,D4,Pertanian,2,Pengelolaan Perkebunan (2),100%,,Pengelolaan Perkebunan,Pengelolaan Perkebunan
54372,D4,Pertanian,3,Pengelolaan Perkebunan Kopi (3),100%,,Pengelolaan Perkebunan Kopi,Pengelolaan Perkebunan
41311,D4,Pertanian,9,Pengembangan Produk Agroindustri (2); Agribisnis (1); Agribisnis Pangan (1),22%,ya,Pengembangan Produk Agroindustri,Pengembangan Produk Agroindustri
41313,D4,Pertanian,2,Pengembangan Produk Agroindustri (2),100%,,Pengembangan Produk Agroindustri,Pengembangan Produk Agroindustri
54344,D4,Pertanian,7,Pengolahan dan Penyimpanan Hasil Perikanan (4); Agribisnis Perikanan dan Kelautan (1); Manajemen Rekayasa Pengolahan Hasil Perikanan (1),57%,ya,Pengolahan dan Penyimpanan Hasil Perikanan,Teknologi Hasil Perikanan
54451,D3,Pertanian,2,Pengolahan Hasil Hutan (1); Teknologi Pengolahan Hasil Bumi (1),50%,ya,Pengolahan Hasil Hutan,Pengolahan Hasil Hutan
41434,D3,Pertanian,7,Pengolahan Hasil Laut (3); Teknik Pengolahan Produk Perikanan (2); Pengolahan Hasil Laut/Perikanan (1),43%,ya,Pengolahan Hasil Laut,Teknologi Hasil Perikanan
41333,D4,Pertanian,4,Pengolahan Hasil Perkebunan Terpadu (1); Teknologi Pengolahan Hasil Perkebunan (1); Teknologi Pengolahan Hasil Ternak (1),25%,ya,Pengolahan Hasil Perkebunan Terpadu,Pengolahan Hasil Perkebunan Terpadu
54455,D3,Pertanian,1,Penyuluhan Kehutanan (1),100%,,Penyuluhan Kehutanan,Penyuluhan Pertanian
54356,D4,Pertanian,1,Penyuluhan Perikanan (1),100%,,Penyuluhan Perikanan,Penyuluhan Pertanian
54358,D4,Pertanian,2,Penyuluhan Perkebunan (1); Penyuluhan Perkebunan Presisi (1),50%,ya,Penyuluhan Perkebunan,Penyuluhan Pertanian
54203,S1,Pertanian,7,Penyuluhan Pertanian (5); Penyuluh Pertanian (1); Penyuluhan dan Komunikasi Pertanian (1),71%,,Penyuluhan Pertanian,Penyuluhan Pertanian
54221,S1,Pertanian,3,Penyuluhan Pertanian (3),100%,,Penyuluhan Pertanian,Penyuluhan Pertanian
54315,D4,Pertanian,14,Penyuluhan Pertanian Berkelanjutan (7); Penyuluhan Pertanian (5); Penyuluhan Pertanian Lahan Kering (1),50%,ya,Penyuluhan Pertanian Berkelanjutan,Penyuluhan Pertanian
54316,D4,Pertanian,12,Penyuluhan Peternakan dan Kesejahteraan Hewan (6); Penyuluhan Peternakan (3); Penyuluhan Perternakan (1),50%,ya,Penyuluhan Peternakan dan Kesejahteraan Hewan,Penyuluhan Pertanian
54320,D4,Pertanian,1,Penyuluhan Peternakan dan Kesejahteraan Hewan (1),100%,,Penyuluhan Peternakan dan Kesejahteraan Hewan,Penyuluhan Pertanian
54441,D3,Pertanian,2,Perikanan Tangkap (2),100%,,Perikanan Tangkap,Perikanan Tangkap
41301,D4,Pertanian,1,Permesinan Perikanan (1),100%,,Permesinan Perikanan,Perikanan Tangkap
54222,S1,Pertanian,1,Pertanian Berkelanjutan (1),100%,,Pertanian Berkelanjutan,Agroteknologi
42303,D4,Pertanian,1,Pertanian Presisi (1),100%,,Pertanian Presisi,Agroteknologi
54230,S1,Pertanian,10,Peternakan (10),100%,,Peternakan,Peternakan
54231,S1,Pertanian,113,Peternakan (110); Ilmu dan Industri Peternakan (1); Ilmu Peternakan (1),97%,,Peternakan,Peternakan
54232,S1,Pertanian,4,Peternakan (3); Peternakan K. Pangandaran (1),75%,,Peternakan,Peternakan
54233,S1,Pertanian,1,Peternakan (1),100%,,Peternakan,Peternakan
54236,S1,Pertanian,3,Peternakan (2); Teknologi Hasil Peternakan (1),67%,ya,Peternakan,Peternakan
54238,S1,Pertanian,3,Peternakan (2); Teknologi Produksi Ternak (1),67%,ya,Peternakan,Peternakan
41212,S1,Pertanian,1,PJJ Teknologi Industri Pertanian (1),100%,,PJJ Teknologi Industri Pertanian,Teknologi Industri Pertanian
54432,D3,Pertanian,6,Produksi Ternak (3); Budi Daya Ternak (2); Budidaya Ternak (1),50%,ya,Produksi Ternak,Peternakan
54295,S1,Pertanian,15,Proteksi Tanaman (15),100%,,Proteksi Tanaman,Proteksi Tanaman
54296,S1,Pertanian,3,Proteksi Tanaman (3),100%,,Proteksi Tanaman,Proteksi Tanaman
54269,S1,Pertanian,1,Rekayasa Kehutanan (1),100%,,Rekayasa Kehutanan,Kehutanan
54341,S1,Pertanian,2,Sains Kelautan (2),100%,,Sains Kelautan,Ilmu Kelautan
41232,S1,Pertanian,1,Sains Pangan (1),100%,,Sains Pangan,Teknologi Pangan
54277,S1,Pertanian,1,Sains Perikanan (1),100%,,Sains Perikanan,Ilmu Perikanan
54209,S1,Pertanian,2,Sains Pertanian (2),100%,,Sains Pertanian,Agroteknologi
54259,S1,Pertanian,1,Silvikultur (1),100%,,Silvikultur,Kehutanan
54225,S1,Pertanian,1,Smart Agriculture (1),100%,,Smart Agriculture,Agroteknologi
54645,S1,Pertanian,6,Sosial Ekonomi Perikanan (6),100%,,Sosial Ekonomi Perikanan,Agribisnis Perikanan
54202,S1,Pertanian,3,Sosial Ekonomi Pertanian (2); Ekonomi Pertanian (1),67%,ya,Sosial Ekonomi Pertanian,Agribisnis
54546,S1,Pertanian,1,Sosial Ekonomi Pertanian (1),100%,,Sosial Ekonomi Pertanian,Agribisnis
54270,S1,Pertanian,1,Sosial Ekonomi Peternakan (1),100%,,Sosial Ekonomi Peternakan,Peternakan
54263,S1,Pertanian,3,Sumber Daya Akuatik (3),100%,,Sumber Daya Akuatik,Manajemen Sumber Daya Perairan
54272,S1,Pertanian,2,Sumber Daya Akuatik (2),100%,,Sumber Daya Akuatik,Manajemen Sumber Daya Perairan
54443,D3,Pertanian,12,Teknik Penangkapan Ikan (4); Budidaya Perairan (2); Teknologi Budidaya Perikanan (2),33%,ya,Teknik Penangkapan Ikan,Teknik Penangkapan Ikan
41201,S1,Pertanian,25,Teknik Pertanian (18); Teknik Pertanian dan Biosistem (2); Ilmu Pertanian (1),72%,,Teknik Pertanian,Teknik Pertanian
80203,S1,Pertanian,2,Teknik Pertanian dan Biosistem (2),100%,,Teknik Pertanian dan Biosistem,Teknik Pertanian
54346,D4,Pertanian,5,Teknologi Akuakultur (3); Teknologi Akuakultur Dan Pasca Panen Perikanan (1); Teknologi Budi Daya Perikanan/Teknologi Akuakultur (1),60%,ya,Teknologi Akuakultur,Akuakultur
54313,D4,Pertanian,4,Teknologi Benih (2); Teknologi dan Manajemen Pembenihan Ikan (1); Teknologi Pembenihan Ikan (1),50%,ya,Teknologi Benih,Teknologi Benih
54350,D4,Pertanian,1,Teknologi Budi Daya Perikanan (1),100%,,Teknologi Budi Daya Perikanan,Akuakultur
54448,D3,Pertanian,1,Teknologi Budidaya Perikanan (1),100%,,Teknologi Budidaya Perikanan,Akuakultur
54274,S1,Pertanian,1,Teknologi dan Bisnis Perikanan dan Kelautan (1),100%,,Teknologi dan Bisnis Perikanan dan Kelautan,Teknologi dan Bisnis Perikanan dan Kelautan
54257,S1,Pertanian,1,Teknologi Hasil Hutan (1),100%,,Teknologi Hasil Hutan,Kehutanan
54273,S1,Pertanian,1,Teknologi Hasil Hutan (1),100%,,Teknologi Hasil Hutan,Kehutanan
54244,S1,Pertanian,34,Teknologi Hasil Perikanan (32); Teknik dan Pengelolaan Sumber Daya Air (1); Teknologi Hasil Perairan (1),94%,,Teknologi Hasil Perikanan,Teknologi Hasil Perikanan
54249,S1,Pertanian,7,Teknologi Hasil Perikanan (4); Pendidikan Kelautan dan Perikanan Kampus Serang (1); Sosial Ekonomi Perikanan (1),57%,ya,Teknologi Hasil Perikanan,Teknologi Hasil Perikanan
54264,S1,Pertanian,4,Teknologi Hasil Perikanan (4),100%,,Teknologi Hasil Perikanan,Teknologi Hasil Perikanan
41433,D3,Pertanian,8,Teknologi Hasil Perkebunan (2); Teknologi Pengolahan Hasil Perkebunan (2); Pengolahan Hasil Perkebunan Kelapa Sawit (1),25%,ya,Teknologi Hasil Perkebunan,Teknologi Hasil Pertanian
41131,S1,Pertanian,1,Teknologi Hasil Pertanian (1),100%,,Teknologi Hasil Pertanian,Teknologi Hasil Pertanian
41231,S1,Pertanian,52,Teknologi Hasil Pertanian (41); Ilmu dan Teknologi Pangan (3); Teknologi Pangan dan Hasil Pertanian (2),79%,,Teknologi Hasil Pertanian,Teknologi Hasil Pertanian
41431,D3,Pertanian,3,Teknologi Hasil Pertanian (2); Teknologi Pengolahan (1),67%,ya,Teknologi Hasil Pertanian,Teknologi Hasil Pertanian
41432,D3,Pertanian,1,Teknologi Hasil Pertanian (1),100%,,Teknologi Hasil Pertanian,Teknologi Hasil Pertanian
52405,S1,Pertanian,5,Teknologi Hasil Pertanian (5),100%,,Teknologi Hasil Pertanian,Teknologi Hasil Pertanian
41211,S1,Pertanian,34,Teknologi Industri Pertanian (29); Teknologi Hasil Pertanian (3); Teknik Industri Pertanian (2),85%,,Teknologi Industri Pertanian,Teknologi Industri Pertanian
42402,D3,Pertanian,2,Teknologi Mekanisasi Pertanian (1); Teknologi Rekayasa Mesin Pertanian (1),50%,ya,Teknologi Mekanisasi Pertanian,Teknik Pertanian
54317,D4,Pertanian,6,Teknologi Pakan Ternak (6),100%,,Teknologi Pakan Ternak,Peternakan
41221,S1,Pertanian,74,Teknologi Pangan (72); Teknik Pangan (2),97%,,Teknologi Pangan,Teknologi Pangan
41222,S1,Pertanian,1,Teknologi Pangan (1),100%,,Teknologi Pangan,Teknologi Pangan
41421,D3,Pertanian,6,Teknologi Pangan (4); Penjaminan Mutu Industri Pangan (1); Teknologi Industri Pangan (1),67%,ya,Teknologi Pangan,Teknologi Pangan
41223,S1,Pertanian,6,Teknologi Pangan dan Hasil Pertanian (6),100%,,Teknologi Pangan dan Hasil Pertanian,Teknologi Pangan
54343,S1,Pertanian,5,Teknologi Penangkapan Ikan (4); Perikanan Tangkap (1),80%,,Teknologi Penangkapan Ikan,Perikanan Tangkap
54446,D3,Pertanian,3,Teknologi Penangkapan Ikan (2); Pemanfaatan Sumber Daya Perairan (1),67%,ya,Teknologi Penangkapan Ikan,Perikanan Tangkap
54345,D4,Pertanian,1,Teknologi Pengelolaan Sumberdaya Perairan (1),100%,,Teknologi Pengelolaan Sumberdaya Perairan,Manajemen Sumber Daya Perairan
54347,D4,Pertanian,1,Teknologi Pengolahan Hasil Perikanan (1),100%,,Teknologi Pengolahan Hasil Perikanan,Teknologi Hasil Perikanan
54444,D3,Pertanian,9,Teknologi Pengolahan Hasil Perikanan (4); Teknologi Hasil Perikanan (3); Teknik Pengolahan Produk Perikanan (1),44%,ya,Teknologi Pengolahan Hasil Perikanan,Teknologi Hasil Perikanan
41436,D3,Pertanian,1,Teknologi Pengolahan Hasil Perkebunan (1),100%,,Teknologi Pengolahan Hasil Perkebunan,Teknologi Hasil Pertanian
54301,D4,Pertanian,1,Teknologi Pengolahan Hasil Pertanian (1),100%,,Teknologi Pengolahan Hasil Pertanian,Teknologi Hasil Pertanian
54434,D3,Pertanian,3,Teknologi Pengolahan Kulit (2); Teknologi Pengolahan Hasil Ternak (1),67%,ya,Teknologi Pengolahan Kulit,Teknologi Pengolahan Kulit
41334,D4,Pertanian,1,Teknologi Pengolahan Pulp dan Kertas (1),100%,,Teknologi Pengolahan Pulp dan Kertas,Teknologi Pulp dan Kertas
41320,D4,Pertanian,2,Teknologi Produksi Tanaman Hortikultura (2),100%,,Teknologi Produksi Tanaman Hortikultura,Agroteknologi
54312,D4,Pertanian,4,Teknologi Produksi Tanaman Hortikultura (2); Agribisnis Hortikultura (1); Teknologi Industri Hortikultura (1),50%,ya,Teknologi Produksi Tanaman Hortikultura,Agroteknologi
41322,D4,Pertanian,11,Teknologi Produksi Tanaman Pangan (7); Teknologi Produksi Tanaman Perkebunan (3); Teknologi Produksi Tanaman Hortikultura (1),64%,ya,Teknologi Produksi Tanaman Pangan,Agroteknologi
41323,D4,Pertanian,1,Teknologi Produksi Tanaman Pangan (1),100%,,Teknologi Produksi Tanaman Pangan,Agroteknologi
41332,D4,Pertanian,2,Teknologi Produksi Tanaman Perkebunan (2),100%,,Teknologi Produksi Tanaman Perkebunan,Pengelolaan Perkebunan
54732,D4,Pertanian,1,Teknologi Produksi Tanaman Perkebunan (1),100%,,Teknologi Produksi Tanaman Perkebunan,Pengelolaan Perkebunan
54318,D4,Pertanian,6,Teknologi Produksi Ternak (5); Teknologi dan Manajemen Ternak (1),83%,,Teknologi Produksi Ternak,Peternakan
41302,D4,Pertanian,1,Teknologi Rekayasa Mesin Industri Perkebunan (1),100%,,Teknologi Rekayasa Mesin Industri Perkebunan,Teknik Pertanian
41321,D4,Pertanian,8,Teknologi Rekayasa Pangan (7); Supervisor Jaminan Mutu Pangan (1),88%,,Teknologi Rekayasa Pangan,Teknologi Pangan
54306,D4,Pertanian,1,Teknologi Rekayasa Pangan (1),100%,,Teknologi Rekayasa Pangan,Teknologi Pangan
91321,D3;D4,Seni,5,Angklung dan Musik Bambu (1); Musik (1); Musik Film (1),20%,ya,Angklung dan Musik Bambu,Seni Musik
90345,D4,Seni,15,Animasi (14); Teknologi Game (1),93%,,Animasi,Animasi
90446,D3,Seni,1,Animasi (1),100%,,Animasi,Animasi
90311,D3,Seni,1,Batik dan Fashion (1),100%,,Batik dan Fashion,Kriya
90342,D4,Seni,7,Desain Grafis (4); Desain Media (2); Fashion Merchandising (1),57%,ya,Desain Grafis,Desain Komunikasi Visual
90442,D3,Seni,3,Desain Grafis (2); Komputer Grafis (1),67%,ya,Desain Grafis,Desain Komunikasi Visual
90472,D3,Seni,1,Desain Grafis (1),100%,,Desain Grafis,Desain Komunikasi Visual
90473,D3,Seni,1,Desain Grafis (1),100%,,Desain Grafis,Desain Komunikasi Visual
90221,S1,Seni,38,Desain Interior (37); Arsitektur Interior (1),97%,,Desain Interior,Desain Interior
90222,S1,Seni,1,Desain Interior (1),100%,,Desain Interior,Desain Interior
90223,S1,Seni,1,Desain Interior (1),100%,,Desain Interior,Desain Interior
90421,D3,Seni,2,Desain Interior (2),100%,,Desain Interior,Desain Interior
90241,S1,Seni,135,Desain Komunikasi Visual (133); Bachelor of Design (1); Desain Komunikasi Visual - (1),99%,,Desain Komunikasi Visual,Desain Komunikasi Visual
90242,S1,Seni,4,Desain Komunikasi Visual (2); Desain Grafis (1); Desain Produk (1),50%,ya,Desain Komunikasi Visual,Desain Komunikasi Visual
90245,S1,Seni,1,Desain Komunikasi Visual (1),100%,,Desain Komunikasi Visual,Desain Komunikasi Visual
90246,S1,Seni,1,Desain Komunikasi Visual (1),100%,,Desain Komunikasi Visual,Desain Komunikasi Visual
90247,S1,Seni,1,Desain Komunikasi Visual (1),100%,,Desain Komunikasi Visual,Desain Komunikasi Visual
90248,S1,Seni,2,Desain Komunikasi Visual (2),100%,,Desain Komunikasi Visual,Desain Komunikasi Visual
90250,S1,Seni,1,Desain Komunikasi Visual (1),100%,,Desain Komunikasi Visual,Desain Komunikasi Visual
90251,S1,Seni,1,Desain Komunikasi Visual (1),100%,,Desain Komunikasi Visual,Desain Komunikasi Visual
90441,D3,Seni,13,Desain Komunikasi Visual (12); Sistem Informasi Visual (1),92%,,Desain Komunikasi Visual,Desain Komunikasi Visual
90348,D4,Seni,2,Desain Media (2),100%,,Desain Media,Desain Komunikasi Visual
90352,D4,Seni,1,Desain Media Digital (1),100%,,Desain Media Digital,Desain Komunikasi Visual
90234,S1,Seni,3,Desain Mode (3),100%,,Desain Mode,Desain Mode
90331,D4,Seni,12,Desain Mode (8); Barang Jadi Tekstil (1); Desain Mode Kriya Batik (1),67%,ya,Desain Mode,Desain Mode
90334,D4,Seni,1,Desain Mode (1),100%,,Desain Mode,Desain Mode
90212,D4,Seni,1,Desain Mode Batik (1),100%,,Desain Mode Batik,Desain Mode
90231,S1,Seni,28,Desain Produk (27); Desain Produk Industri Kampus Tasikmalaya (1),96%,,Desain Produk,Desain Produk
90235,S1,Seni,1,Desain Produk (1),100%,,Desain Produk,Desain Produk
90431,D3,Seni,8,Desain Produk (3); Desain dan Teknologi Produk Kulit (1); Desain Furnitur (1),38%,ya,Desain Produk,Desain Produk
90233,S1,Seni,2,Desain Produk Industri (2),100%,,Desain Produk Industri,Desain Produk
91201,S1,Seni,6,Etnomusikologi (6),100%,,Etnomusikologi,Etnomusikologi
91362,S1,Seni,6,Film dan Televisi (5); Film (1),83%,,Film dan Televisi,Film dan Televisi
91461,D3,Seni,4,Film Dan Televisi (1); Manajemen & Produksi Film Video & TV (1); Produksi Film dan Televisi (1),25%,ya,Film dan Televisi,Film dan Televisi
91271,S1,Seni,6,Fotografi (6),100%,,Fotografi,Fotografi
91471,D3,Seni,1,Fotografi (1),100%,,Fotografi,Fotografi
91262,S1,Seni,5,"Kajian Film, Televisi, dan Media (5)",100%,,"Kajian Film, Televisi, dan Media",Film dan Televisi
88220,S1,Seni,1,Konservasi Seni (1),100%,,Konservasi Seni,Seni Rupa
88227,S1,Seni,1,Koreografi Inkuiri (1),100%,,Koreografi Inkuiri,Seni Tari
94313,D4,Seni,1,Kosmetik dan Perawatan Kecantikan (1),100%,,Kosmetik dan Perawatan Kecantikan,Tata Rias dan Kecantikan
94412,D4,Seni,2,Kosmetik dan Perawatan Kecantikan (1); Tata Rias dan Kecantikan (1),50%,ya,Kosmetik dan Perawatan Kecantikan,Tata Rias dan Kecantikan
90211,S1,Seni,13,Kriya (8); Kriya Seni (5),62%,ya,Kriya,Kriya
90214,S1,Seni,1,Kriya (1),100%,,Kriya,Kriya
90411,D3,Seni,2,Kriya Batik (2),100%,,Kriya Batik,Kriya
90401,D3,Seni,3,Kriya Seni (1); Seni Rupa (1); Seni Rupa Dan Disain (1),33%,ya,Kriya Seni,Kriya
90443,D3,Seni,3,Multi Media (1); Teknik Komputer dan Jaringan (1); Teknologi Multimedia dan Broadcasting (1),33%,ya,Multi Media,Multi Media
91223,S1,Seni,2,Musik (1); Musik Gereja (1),50%,ya,Musik,Seni Musik
91221,S1,Seni,30,Musik Gereja (13); Seni Musik (11); Musik (4),43%,ya,Musik Gereja,Seni Musik
90213,S1,Seni,1,Pendidikan Kriya (1),100%,,Pendidikan Kriya,Pendidikan Kriya
88217,S1,Seni,5,Pendidikan Seni Pertunjukan (5),100%,,Pendidikan Seni Pertunjukan,"Pendidikan Seni Drama, Tari dan Musik"
91361,D4;S1,Seni,8,Produksi Film dan Televisi (5); Televisi dan Film (2); Film dan Televisi (1),63%,ya,Produksi Film dan Televisi,Film dan Televisi
91363,D4,Seni,1,Produksi Film dan Televisi (1),100%,,Produksi Film dan Televisi,Film dan Televisi
90347,D4,Seni,10,Produksi Media (9); Manajemen Produksi Media (1),90%,,Produksi Media,Produksi Media
88200,S1,Seni,1,Seni Intermedia (1),100%,,Seni Intermedia,Seni Rupa
91211,S1,Seni,9,Seni Karawitan (8); Pendidikan Seni Karawitan Keagamaan Hindu (1),89%,,Seni Karawitan,Seni Karawitan
91421,D3,Seni,1,Seni Musik (1),100%,,Seni Musik,Seni Musik
91241,S1,Seni,3,Seni Pedalangan (3),100%,,Seni Pedalangan,Seni Pedalangan
88214,S1,Seni,7,Seni Pertunjukan (3); Pendidikan Seni Pertunjukan (2); Seni Pertunjukan Keagamaan (2),43%,ya,Seni Pertunjukan,Seni Pertunjukan
90203,S1,Seni,2,Seni Rupa (2),100%,,Seni Rupa,Seni Rupa
90201,S1,Seni,17,Seni Rupa Murni (8); Seni Murni (4); Seni Rupa (3),47%,ya,Seni Rupa Murni,Seni Rupa
91231,S1,Seni,17,Seni Tari (9); Tari (5); Pendidikan Seni dan Budaya Keagamaan Hindu (2),53%,ya,Seni Tari,Seni Tari
91431,D3,Seni,1,Seni Tari (1),100%,,Seni Tari,Seni Tari
91251,S1,Seni,9,Seni Teater (5); Teater (4),56%,ya,Seni Teater,Seni Teater
91451,D3,Seni,1,Seni Teater (1),100%,,Seni Teater,Seni Teater
90232,D4,Seni,1,Senjata Tradisional Keris (1),100%,,Senjata Tradisional Keris,Kriya
91332,D4,Seni,1,Tari Melayu (1),100%,,Tari Melayu,Seni Tari
91331,D4,Seni,1,Tari Minang (1),100%,,Tari Minang,Seni Tari
90302,S1,Seni,1,Tata Kelola Seni (1),100%,,Tata Kelola Seni,Tata Kelola Seni
91322,D4,Seni,1,Teater Musikal (1),100%,,Teater Musikal,Seni Teater
90444,D3,Seni,2,Teknik Grafika (1); Teknik Grafis (1),50%,ya,Teknik Grafika,Teknologi Grafika
90474,D3,Seni,1,Teknik Grafika (1),100%,,Teknik Grafika,Teknologi Grafika
90475,D3,Seni,1,Teknik Grafika (1),100%,,Teknik Grafika,Teknologi Grafika
90445,D3,Seni,1,Teknik Kemasan (1),100%,,Teknik Kemasan,Teknologi Grafika
90344,D4,Seni,2,Teknologi Grafika (1); Teknologi Rekayasa Cetak Dan Grafis 3 Dimensi (1),50%,ya,Teknologi Grafika,Teknologi Grafika
91345,D4,Seni,3,Teknologi Permainan (3),100%,,Teknologi Permainan,Teknologi Permainan
90343,D4;S1,Seni,10,Teknologi Rekayasa Multimedia (3); Teknologi Rekayasa Multimedia Grafis (2); BroadBand Multimedia (1),30%,ya,Teknologi Rekayasa Multimedia,Multimedia
91261,D4;S1,Seni,10,Televisi dan Film (4); Film (2); Film dan Televisi (2),40%,ya,Televisi dan Film,Film dan Televisi
63401,D3,Sosial,2,Administrasi (1); Manajemen Administrasi (1),50%,ya,Administrasi,Administrasi Perkantoran
94409,D3,Sosial,2,Administrasi Asuransi & Aktuaria (1); Manajemen Aktuaria (1),50%,ya,Administrasi Asuransi & Aktuaria,Asuransi
63211,S1,Sosial,110,Administrasi Bisnis (60); Ilmu Administrasi Niaga (30); Ilmu Administrasi Bisnis (18),55%,ya,Administrasi Bisnis,Administrasi Bisnis
63214,S1,Sosial,4,Administrasi Bisnis (4),100%,,Administrasi Bisnis,Administrasi Bisnis
63411,D3,Sosial,53,Administrasi Bisnis (42); Administrasi Perkantoran (6); Administrasi Niaga (5),79%,,Administrasi Bisnis,Administrasi Bisnis
63311,D4,Sosial,27,Administrasi Bisnis Internasional (6); Administrasi Bisnis (4); Bisnis Digital (4),22%,ya,Administrasi Bisnis Internasional,Bisnis Internasional
63213,S1,Sosial,1,Administrasi Bisnis K. Pangandaran (1),100%,,Administrasi Bisnis K. Pangandaran,Administrasi Bisnis
74302,D4,Sosial,1,Administrasi Hukum Umum (1),100%,,Administrasi Hukum Umum,Ilmu Hukum
74312,D4,Sosial,1,Administrasi Keimigrasian (1),100%,,Administrasi Keimigrasian,Keimigrasian
63413,D3,Sosial,6,Administrasi Keuangan (3); Administrasi Bisnis (1); Akuntansi (1),50%,ya,Administrasi Keuangan,Administrasi Keuangan
63205,S1,Sosial,1,Administrasi Negara (1),100%,,Administrasi Negara,Administrasi Publik
63301,D4,Sosial,3,Administrasi Negara (2); Administrasi Keuangan Publik (1),67%,ya,Administrasi Negara,Administrasi Publik
95305,D4,Sosial,3,Administrasi Pembangunan Negara (3),100%,,Administrasi Pembangunan Negara,Administrasi Publik
65301,D4,Sosial,3,Administrasi Pemerintahan (1); Manajemen Kontrak Pemerintah (1); Manajemen Pemerintahan (1),33%,ya,Administrasi Pemerintahan,Administrasi Pemerintahan
65401,D3,Sosial,2,Administrasi Pemerintahan (1); Administrasi Publik (1),50%,ya,Administrasi Pemerintahan,Ilmu Pemerintahan
65302,D4,Sosial,4,Administrasi Pemerintahan Daerah (4),100%,,Administrasi Pemerintahan Daerah,Ilmu Pemerintahan
63202,S1,Sosial,1,Administrasi Publik (1),100%,,Administrasi Publik,Administrasi Publik
63203,S1,Sosial,38,Administrasi Publik (38),100%,,Administrasi Publik,Administrasi Publik
63207,S1,Sosial,1,Administrasi Publik (1),100%,,Administrasi Publik,Administrasi Publik
85212,D4,Sosial,1,Analisis Performa Olahraga (1),100%,,Analisis Performa Olahraga,Ilmu Keolahragaan
94403,D3,Sosial,2,Asuransi (1); Asuransi Kerugian (1),50%,ya,Asuransi,Asuransi
94401,D3,Sosial,1,Asuransi Jiwa (1),100%,,Asuransi Jiwa,Asuransi
94402,D3,Sosial,1,Asuransi Kesehatan (1),100%,,Asuransi Kesehatan,Asuransi
94204,S1,Sosial,3,Asuransi Syariah (3),100%,,Asuransi Syariah,Asuransi Syariah
79305,D4,Sosial,1,Bahasa Jepang untuk Komunikasi Bisnis dan Profesional (1),100%,,Bahasa Jepang untuk Komunikasi Bisnis dan Profesional,Sastra Jepang
70232,S1,Sosial,106,Bimbingan dan Konseling Islam (33); Bimbingan dan Konseling Pendidikan Islam (23); Bimbingan Konseling Islam (18),31%,ya,Bimbingan dan Konseling Islam,Bimbingan dan Konseling Islam
86301,D4,Sosial,1,Bimbingan Kemasyarakatan (1),100%,,Bimbingan Kemasyarakatan,Pemasyarakatan
70209,S1,Sosial,2,Bimbingan Penyuluhan Islam (1); Kepenyuluhan Buddha (1),50%,ya,Bimbingan Penyuluhan Islam,Bimbingan Penyuluhan Islam
94201,S1,Sosial,4,Bio Kewirausahaan (1); Bisnis (1); Entrepreneurship (1),25%,ya,Bio Kewirausahaan,Kewirausahaan
64211,S1,Sosial,1,Bisnis Musik (1),100%,,Bisnis Musik,Seni Musik
63313,D4,Sosial,2,Demografi dan Pencatatan Sipil (1); Studi Kependudukan dan Pencatatan Sipil (1),50%,ya,Demografi dan Pencatatan Sipil,Demografi dan Pencatatan Sipil
93304,D4,Sosial,19,Destinasi Pariwisata (17); Usaha Perjalanan Wisata (2),89%,,Destinasi Pariwisata,Pariwisata
93384,D4,Sosial,1,Destinasi Pariwisata (1),100%,,Destinasi Pariwisata,Pariwisata
93404,D3,Sosial,6,Divisi Kamar (6),100%,,Divisi Kamar,Perhotelan
93205,S1,Sosial,3,Hospitality dan Pariwisata (2); Hospitaliti dan Pariwisata (1),67%,ya,Hospitality dan Pariwisata,Pariwisata
64202,S1,Sosial,1,Hubungan Internasional (1),100%,,Hubungan Internasional,Hubungan Internasional
70401,D3,Sosial,16,Hubungan Masyarakat (12); Komunikasi Massa (1); Komunikasi Terapan (1),75%,,Hubungan Masyarakat,Hubungan Masyarakat
70403,D3,Sosial,2,Hubungan Masyarakat (1); Komunikasi Massa (1),50%,ya,Hubungan Masyarakat,Hubungan Masyarakat
68401,D3,Sosial,2,Hubungan Masyarakat K. Batang (1); Pembangunan Masyarakat Desa (1),50%,ya,Hubungan Masyarakat K. Batang,Hubungan Masyarakat K. Batang
74207,S1,Sosial,65,Hukum (65),100%,,Hukum,Ilmu Hukum
74232,S1,Sosial,5,Hukum Agama Hindu (4); Hukum Hindu (1),80%,,Hukum Agama Hindu,Studi Agama Hindu
74202,S1,Sosial,47,Hukum Bisnis (46); Hukum Bisnis Syariah (1),98%,,Hukum Bisnis,Hukum Bisnis
74134,S1,Sosial,1,Hukum Ekonomi Syariah (Muamalah) (1),100%,,Hukum Ekonomi Syariah (Muamalah),Hukum Ekonomi Syariah (Muamalah)
74234,S1,Sosial,217,Hukum Ekonomi Syariah (Muamalah) (87); Hukum Ekonomi Syari`ah (Mu`amalah) (31); Hukum Ekonomi Syariah (28),40%,ya,Hukum Ekonomi Syariah (Muamalah),Hukum Ekonomi Syariah (Muamalah)
74311,D4,Sosial,1,Hukum Keimigrasian (1),100%,,Hukum Keimigrasian,Keimigrasian
74303,D4,Sosial,1,Hukum Kekayaan Intelektual (1),100%,,Hukum Kekayaan Intelektual,Ilmu Hukum
74230,S1,Sosial,321,Hukum Keluarga Islam (Ahwal Syakhshiyyah) (132); Hukum Keluarga (Ahwal Syakhshiyah) (54); Hukum Keluarga (Ahwal Al Syakhshiyah) (19),41%,ya,Hukum Keluarga Islam (Ahwal Syakhshiyyah),Hukum Keluarga Islam (Ahwal Syakhshiyyah)
74231,S1,Sosial,44,Hukum Pidana Islam (Jinayah) (32); Hukum Pidana Islam (7); Hukum Tatanegara (Siyasah Syariyyah) (2),73%,,Hukum Pidana Islam (Jinayah),Hukum Pidana Islam (Jinayah)
74235,S1,Sosial,66,Hukum Tatanegara (Siyasah Syar'iyyah) (20); Hukum Tatanegara (Siyasah) (14); Hukum Tata Negara (Siyasah) (8),30%,ya,Hukum Tatanegara (Siyasah Syar'iyyah),Hukum Tatanegara (Siyasah Syar'iyyah)
63201,S1,Sosial,231,Ilmu Administrasi Negara (120); Administrasi Publik (91); Ilmu Administrasi Publik (11),52%,ya,Ilmu Administrasi Negara,Administrasi Publik
63208,S1,Sosial,1,Ilmu Administrasi Negara (1),100%,,Ilmu Administrasi Negara,Administrasi Publik
63206,S1,Sosial,1,Ilmu Administrasi Negara PSDKU (1),100%,,Ilmu Administrasi Negara PSDKU,Administrasi Publik
64201,S1,Sosial,74,Ilmu Hubungan Internasional (37); Hubungan Internasional (36); Pendidikan Ilmu Pengetahuan Alam (1),50%,ya,Ilmu Hubungan Internasional,Hubungan Internasional
74201,S1,Sosial,467,Ilmu Hukum (302); Hukum (165),65%,ya,Ilmu Hukum,Ilmu Hukum
74206,S1,Sosial,1,Ilmu Hukum (1),100%,,Ilmu Hukum,Ilmu Hukum
74208,S1,Sosial,1,Ilmu Hukum (1),100%,,Ilmu Hukum,Ilmu Hukum
74209,S1,Sosial,1,Ilmu Hukum (1),100%,,Ilmu Hukum,Ilmu Hukum
55220,S1,Sosial,2,Ilmu Kepolisian (1); Sains Kepolisian (1),50%,ya,Ilmu Kepolisian,Ilmu Kepolisian
72201,S1,Sosial,28,Ilmu Kesejahteraan Sosial (19); Kesejahteraan Sosial (9),68%,ya,Ilmu Kesejahteraan Sosial,Kesejahteraan Sosial
70101,S1,Sosial,1,Ilmu Komunikasi (1),100%,,Ilmu Komunikasi,Ilmu Komunikasi
70201,S1,Sosial,287,Ilmu Komunikasi (273); Ilmu Komunikasi Buddha (4); Sains Komunikasi (4),95%,,Ilmu Komunikasi,Ilmu Komunikasi
70206,S1,Sosial,1,Ilmu Komunikasi (1),100%,,Ilmu Komunikasi,Ilmu Komunikasi
70207,S1,Sosial,1,Ilmu Komunikasi (1),100%,,Ilmu Komunikasi,Ilmu Komunikasi
70235,S1,Sosial,9,Ilmu Komunikasi Hindu (5); Penerangan Agama Hindu (3); Kepenyuluhan Buddha (1),56%,ya,Ilmu Komunikasi Hindu,Ilmu Komunikasi Hindu
70204,S1,Sosial,1,Ilmu Komunikasi K. Pangandaran (1),100%,,Ilmu Komunikasi K. Pangandaran,Ilmu Komunikasi
65201,S1,Sosial,127,Ilmu Pemerintahan (125); Politik dan Pemerintahan (1); Studi Pemerintahan (1),98%,,Ilmu Pemerintahan,Ilmu Pemerintahan
65202,S1,Sosial,1,Ilmu Pemerintahan (1),100%,,Ilmu Pemerintahan,Ilmu Pemerintahan
67201,S1,Sosial,59,Ilmu Politik (58); Pemikiran Politik Islam (1),98%,,Ilmu Politik,Ilmu Politik
93272,S1,Sosial,1,Industri Pariwisata (1),100%,,Industri Pariwisata,Pariwisata
93201,S1,Sosial,3,Industri Perjalanan (1); Industri Perjalanan Wisata (1); Manajemen Pemasaran Pariwisata (1),33%,ya,Industri Perjalanan,Pariwisata
70202,S1,Sosial,13,Jurnalistik (7); Jurnalistik Islam (5); Ilmu Komunikasi (1),54%,ya,Jurnalistik,Jurnalistik
63304,D4,Sosial,1,Kebijakan dan Manajemen Pendaftaran Tanah (1),100%,,Kebijakan dan Manajemen Pendaftaran Tanah,Pertanahan
70236,S1,Sosial,2,Kepanditaan (1); Kepanditaan Buddha (1),50%,ya,Kepanditaan,Studi Agama Buddha
93303,D4,Sosial,2,Kepariwisataan (1); Manajemen Bisnis Pariwisata (1),50%,ya,Kepariwisataan,Pariwisata
95206,S1,Sosial,8,Kepemimpinan Kristen (7); Pelayanan Pastoral (1),88%,,Kepemimpinan Kristen,Teologi
95420,D3,Sosial,1,Kepolisian (1),100%,,Kepolisian,Ilmu Kepolisian
72202,S1,Sosial,1,Kesejahteraan Sosial (1),100%,,Kesejahteraan Sosial,Kesejahteraan Sosial
94202,S1,Sosial,157,Kewirausahaan (148); Biokewirausahaan (3); Bio-Kewirausahaan (2),94%,,Kewirausahaan,Kewirausahaan
94209,S1,Sosial,1,Kewirausahaan (1),100%,,Kewirausahaan,Kewirausahaan
70233,S1,Sosial,196,Komunikasi dan Penyiaran Islam (180); Komunikasi Penyiaran Islam (15); Komunikasi dan Penyiaran Islam (KPI) (1),92%,,Komunikasi dan Penyiaran Islam,Komunikasi dan Penyiaran Islam
70211,D4,Sosial,1,Komunikasi Digital (1),100%,,Komunikasi Digital,Ilmu Komunikasi
66201,S1,Sosial,3,Kriminologi (2); Akuntansi (1),67%,ya,Kriminologi,Kriminologi
66202,S1,Sosial,4,Kriminologi (4),100%,,Kriminologi,Kriminologi
61208,S1,Sosial,2,Manajemen Administrasi Perkantoran (1); Pendidikan Administrasi Perkantoran (1),50%,ya,Manajemen Administrasi Perkantoran,Manajemen Administrasi Perkantoran
54537,D3,Sosial,1,Manajemen Bisnis (1),100%,,Manajemen Bisnis,Manajemen
93308,D4,Sosial,6,Manajemen Bisnis Internasional (2); Manajemen Pemasaran Internasional (2); Bisnis Internasional (1),33%,ya,Manajemen Bisnis Internasional,Bisnis Internasional
70230,S1,Sosial,58,Manajemen Dakwah (53); Misiologi (4); Manajemen Dakwah (MD) (1),91%,,Manajemen Dakwah,Manajemen Dakwah
93208,S1,Sosial,7,Manajemen Haji dan Umrah (5); Manajemen Haji dan Umroh (2),71%,,Manajemen Haji dan Umrah,Manajemen Haji dan Umrah
93203,S1,Sosial,1,Manajemen Industri Katering (1),100%,,Manajemen Industri Katering,Tata Boga
62410,D4,Sosial,2,Manajemen Keamanan dan Keselamatan Publik (2),100%,,Manajemen Keamanan dan Keselamatan Publik,Manajemen Keamanan dan Keselamatan Publik
93206,D4,Sosial,1,Manajemen Kuliner (1),100%,,Manajemen Kuliner,Tata Boga
63314,D4;S1,Sosial,9,Manajemen Logistik (2); Bisnis dan Logistik Maritim (1); Bisnis Logistik (1),22%,ya,Manajemen Logistik,Logistik
63414,D3,Sosial,12,Manajemen Logistik (9); Administrasi Logistik (2); Manajemen Logistik dan Material (1),75%,,Manajemen Logistik,Logistik
92404,D3,Sosial,5,Manajemen Pelabuhan (5),100%,,Manajemen Pelabuhan,Manajemen Pelabuhan dan Pelayaran
61311,D4,Sosial,1,Manajemen Pemasyarakatan (1),100%,,Manajemen Pemasyarakatan,Pemasyarakatan
22306,D4,Sosial,1,Manajemen Penanggulangan Bencana (1),100%,,Manajemen Penanggulangan Bencana,Manajemen Bencana
63305,D4,Sosial,1,Manajemen Penataan Ruang dan Pertanahan (1),100%,,Manajemen Penataan Ruang dan Pertanahan,Pertanahan
70234,S1,Sosial,6,Manajemen Pendidikan Islam (3); Dirasat Islamiyah (1); Pendidikan Agama Islam (1),50%,ya,Manajemen Pendidikan Islam,Manajemen Pendidikan Islam
93405,D3,Sosial,1,Manajemen Perencanaan dan Pemasaran Pariwisata (1),100%,,Manajemen Perencanaan dan Pemasaran Pariwisata,Pariwisata
93302,D4,Sosial,15,Manajemen Perhotelan (5); Perhotelan (5); Pengelolaan Perhotelan (3),33%,ya,Manajemen Perhotelan,Perhotelan
70306,D4,Sosial,1,Manajemen Produksi Berita (1),100%,,Manajemen Produksi Berita,Penyiaran
70305,D4,Sosial,1,Manajemen Produksi Siaran (1),100%,,Manajemen Produksi Siaran,Penyiaran
61421,D4,Sosial,1,Manajemen Sumber Daya Manusia Sektor Publik (1),100%,,Manajemen Sumber Daya Manusia Sektor Publik,Administrasi Publik
94307,D4,Sosial,1,Manajemen Tata Hidangan (1),100%,,Manajemen Tata Hidangan,Perhotelan
70307,D4,Sosial,1,Manajemen Teknik Studio Produksi (1),100%,,Manajemen Teknik Studio Produksi,Penyiaran
74313,D4,Sosial,1,Manajemen Teknologi Keimigrasian (1),100%,,Manajemen Teknologi Keimigrasian,Keimigrasian
74236,S1,Sosial,17,Manajemen Zakat dan Wakaf (16); Zakat dan Wakaf (1),94%,,Manajemen Zakat dan Wakaf,Manajemen Zakat dan Wakaf
74401,D3,Sosial,3,Paralegal (2); Administrasi Peradilan (1),67%,ya,Paralegal,Ilmu Hukum
85205,S1,Sosial,3,Pariwisata (2); Pendidikan Pariwisata (1),67%,ya,Pariwisata,Pariwisata
93202,S1,Sosial,47,Pariwisata (32); Pariwisata Syariah (6); Destinasi Pariwisata (2),68%,ya,Pariwisata,Pariwisata
93207,S1,Sosial,31,Pariwisata (30); Pariwisata Syariah (1),97%,,Pariwisata,Pariwisata
93403,D3,Sosial,8,Pariwisata (3); Kepariwisataan (2); Bina Wisata (1),38%,ya,Pariwisata,Pariwisata
72401,D3,Sosial,1,Pekerja Sosial (1),100%,,Pekerja Sosial,Kesejahteraan Sosial
72302,D4,Sosial,3,Pekerjaan Sosial (2); Politik Indonesia Terapan (1),67%,ya,Pekerjaan Sosial,Kesejahteraan Sosial
74304,D4,Sosial,1,Pembangunan Hukum (1),100%,,Pembangunan Hukum,Ilmu Hukum
68201,S1,Sosial,6,Pembangunan Sosial (4); Ilmu Sosiatri (1); Pembangunan Sosial dan Kesejahteraan (1),67%,ya,Pembangunan Sosial,Kesejahteraan Sosial
86228,S1,Sosial,3,Pembangunan Sosial (3),100%,,Pembangunan Sosial,Kesejahteraan Sosial
95203,S1,Sosial,1,Pembangunan Wilayah (1),100%,,Pembangunan Wilayah,Perencanaan Wilayah dan Kota
88213,S1,Sosial,1,Pendidikan Bahasa Korea (1),100%,,Pendidikan Bahasa Korea,Pendidikan Bahasa Korea
87301,S1,Sosial,6,Pendidikan Ilmu Pengetahuan Sosial (5); Tadris Ilmu Pengetahuan Sosial (1),83%,,Pendidikan Ilmu Pengetahuan Sosial,Pendidikan Ilmu Pengetahuan Sosial
70402,D3,Sosial,4,Penerbitan (2); Jurnalistik (1); Penyiaran Radio dan Televisi (1),50%,ya,Penerbitan,Penerbitan
70406,D3,Sosial,1,Penerbitan (1),100%,,Penerbitan,Penerbitan
70408,D3,Sosial,1,Penerbitan (1),100%,,Penerbitan,Penerbitan
93306,D4,Sosial,10,Pengelolaan Konvensi dan Acara (9); Pengelolaan Konvensi dan Peristiwa (1),90%,,Pengelolaan Konvensi dan Acara,Pariwisata
93314,D4,Sosial,2,"Pengelolaan Konvensi dan Acara (1); Usaha Jasa Konvensi, Perjalanan Insentif, dan Pameran (1)",50%,ya,Pengelolaan Konvensi dan Acara,Pariwisata
93319,D4,Sosial,1,Pengelolaan Konvensi dan Acara (1),100%,,Pengelolaan Konvensi dan Acara,Pariwisata
93386,D4,Sosial,1,Pengelolaan Konvensi dan Acara (1),100%,,Pengelolaan Konvensi dan Acara,Pariwisata
93309,D4,Sosial,20,Pengelolaan Perhotelan (16); Manajemen Perhotelan (2); Manajemen Devisi Kamar (1),80%,,Pengelolaan Perhotelan,Perhotelan
93382,D4,Sosial,1,Pengelolaan Perhotelan (1),100%,,Pengelolaan Perhotelan,Perhotelan
70231,S1,Sosial,42,Pengembangan Masyarakat Islam (42),100%,,Pengembangan Masyarakat Islam,Pengembangan Masyarakat Islam
70405,D3,Sosial,6,Penyiaran (5); Penyiaran Multimedia (1),83%,,Penyiaran,Penyiaran
70205,S1,Sosial,1,Penyiaran Konten Digital (1),100%,,Penyiaran Konten Digital,Penyiaran
74305,D4,Sosial,1,Perancangan Peraturan Perundang-Undangan (1),100%,,Perancangan Peraturan Perundang-Undangan,Ilmu Hukum
74233,S1,Sosial,21,Perbandingan Madzhab (10); Perbandingan Mazhab (9); Perbandingan Madzhab dan Hukum (1),48%,ya,Perbandingan Madzhab,Perbandingan Madzhab
35203,S1,Sosial,1,Perencanaan Wilayah dan Kota (1),100%,,Perencanaan Wilayah dan Kota,Perencanaan Wilayah dan Kota
93402,D3,Sosial,74,Perhotelan (72); Industri Pariwisata Dan Perhotelan (1); Pariwisata (1),97%,,Perhotelan,Perhotelan
93410,D3,Sosial,1,Perhotelan (1),100%,,Perhotelan,Perhotelan
93411,D3,Sosial,1,Perhotelan (1),100%,,Perhotelan,Perhotelan
93412,D3,Sosial,2,Perhotelan (2),100%,,Perhotelan,Perhotelan
93482,D3,Sosial,2,Perhotelan (1); Perhotelan Kampus Kota Yogyakarta (1),50%,ya,Perhotelan,Perhotelan
70404,D3,Sosial,5,Periklanan (4); Periklanan Kreatif (1),80%,,Periklanan,Periklanan
70409,D3,Sosial,1,Periklanan (1),100%,,Periklanan,Periklanan
93406,D3,Sosial,6,Perjalanan Wisata (4); Usaha Perjalanan Pariwisata (1); Usaha Perjalanan Wisata (1),67%,ya,Perjalanan Wisata,Pariwisata
93409,D3,Sosial,2,Perjalanan Wisata (2),100%,,Perjalanan Wisata,Pariwisata
72304,D4,Sosial,2,Perlindungan dan Pemberdayaan Sosial (2),100%,,Perlindungan dan Pemberdayaan Sosial,Kesejahteraan Sosial
63221,S1,Sosial,4,Perpajakan (3); Ilmu Administrasi Fiskal (1),75%,,Perpajakan,Perpajakan
63421,D3,Sosial,10,Perpajakan (6); Administrasi Perpajakan (3); Pajak Bumi dan Bangunan/Penilai (1),60%,ya,Perpajakan,Perpajakan
74205,S1,Sosial,1,PJJ Hukum (1),100%,,PJJ Hukum,Ilmu Hukum
70203,S1,Sosial,5,PJJ Ilmu Komunikasi (4); PJJ Komunikasi (1),80%,,PJJ Ilmu Komunikasi,Ilmu Komunikasi
73202,S1,Sosial,2,PJJ Psikologi (1); Psikologi (1),50%,ya,PJJ Psikologi,Psikologi
55222,D4,Sosial,1,Praktik Perpolisian Tata Pamong (1),100%,,Praktik Perpolisian Tata Pamong,Ilmu Pemerintahan
73201,S1,Sosial,216,Psikologi (189); Psikologi Islam (27),88%,,Psikologi,Psikologi
73203,S1,Sosial,1,Psikologi (1),100%,,Psikologi,Psikologi
73205,S1,Sosial,1,Psikologi (1),100%,,Psikologi,Psikologi
73204,S1,Sosial,15,Psikologi Islam (9); Psikologi Kristen (5); Pendidikan Psikologi Konseling Buddha (1),60%,ya,Psikologi Islam,Psikologi
72303,D4,Sosial,2,Rehabilitasi Sosial (2),100%,,Rehabilitasi Sosial,Kesejahteraan Sosial
79213,S1,Sosial,10,Sastra Inggris (10),100%,,Sastra Inggris,Sastra Inggris
63412,D3,Sosial,45,Sekretari (30); Kesekretariatan (10); Administrasi Perkantoran (2),67%,ya,Sekretari,Administrasi Perkantoran
94406,D3,Sosial,14,Seni Kuliner (11); Tata Boga (3),79%,,Seni Kuliner,Tata Boga
94411,D3,Sosial,2,Seni Pengolahan Patiseri (2),100%,,Seni Pengolahan Patiseri,Tata Boga
69201,S1,Sosial,75,Sosiologi (68); Sosiologi Agama (6); Pendidikan Sosiologi (1),91%,,Sosiologi,Sosiologi
69202,S1,Sosial,19,Sosiologi Agama (17); Sosiologi Kristen (2),89%,,Sosiologi Agama,Sosiologi Agama
63302,D4,Sosial,1,Studi Kebijakan Publik (1),100%,,Studi Kebijakan Publik,Administrasi Publik
63306,D4,Sosial,1,Survei Pemetaan dan Informasi Pertanahan (1),100%,,Survei Pemetaan dan Informasi Pertanahan,Pertanahan
94413,D3,Sosial,1,Tata Boga Kampus Payakumbuh (1),100%,,Tata Boga Kampus Payakumbuh,Tata Boga
94405,D3,Sosial,3,Tata Busana (2); Desain Busana (1),67%,ya,Tata Busana,Desain Mode
94410,D4,Sosial,3,Tata Busana (2); Tata Rias dan Busana (1),67%,ya,Tata Busana,Desain Mode
94407,D3,Sosial,6,Tata Hidang (5); Seni Kuliner (1),83%,,Tata Hidang,Perhotelan
94487,D3,Sosial,1,Tata Hidang (1),100%,,Tata Hidang,Perhotelan
94408,D3,Sosial,3,Tata Rias (3),100%,,Tata Rias,Tata Rias dan Kecantikan
68301,D4,Sosial,1,Teknik Pemasyarakatan (1),100%,,Teknik Pemasyarakatan,Pemasyarakatan
94304,D3;D4,Sosial,2,Terapi Wicara (1); Terapi Wicara dan Bahasa (1),50%,ya,Terapi Wicara,Terapi Wicara
94404,D3,Sosial,3,Terapi Wicara (2); Audiologi (1),67%,ya,Terapi Wicara,Terapi Wicara
93301,D4,Sosial,21,Usaha Perjalanan Wisata (12); Manajemen Pariwisata (4); Bisnis Perjalanan Wisata (1),57%,ya,Usaha Perjalanan Wisata,Pariwisata
93310,D4,Sosial,12,Usaha Perjalanan Wisata (4); Manajemen Bisnis Pariwisata (3); Pengelolaan Usaha Rekreasi (2),33%,ya,Usaha Perjalanan Wisata,Pariwisata
93381,D4,Sosial,1,Usaha Perjalanan Wisata (1),100%,,Usaha Perjalanan Wisata,Pariwisata
93401,D3,Sosial,28,Usaha Perjalanan Wisata (20); Bina Wisata (3); Ekowisata (1),71%,,Usaha Perjalanan Wisata,Pariwisata
63212,S1,Sosial;Humaniora,2,Administrasi Bisnis (1); Administrasi Fiskal (1),50%,ya,Administrasi Bisnis,Administrasi Bisnis
40403,D3,Teknik,3,Aeronautika (1); Rangka Pesawat (1); Rangka Pesawat Terbang (1),33%,ya,Aeronautika,Teknik Pesawat Udara
26203,S1,Teknik,1,Agen Intelijen (1),100%,,Agen Intelijen,Intelijen
26204,S1,Teknik,1,Analis Intelijen (1),100%,,Analis Intelijen,Intelijen
24402,D3,Teknik,8,Analis Kimia (5); Analisis Kimia (2); Kimia Analisis (1),63%,ya,Analis Kimia,Analisis Kimia
24303,D3,Teknik,1,Analisis Kimia (1),100%,,Analisis Kimia,Analisis Kimia
63320,D4,Teknik,1,Analitika Logistik Terapan (1),100%,,Analitika Logistik Terapan,Logistik
23201,S1,Teknik,202,Arsitektur (192); Teknik Arsitektur (8); Ilmu Seni dan Arsitektur Islam (2),95%,,Arsitektur,Arsitektur
23202,S1,Teknik,1,Arsitektur (1),100%,,Arsitektur,Arsitektur
23203,S1,Teknik,1,Arsitektur (1),100%,,Arsitektur,Arsitektur
23401,D3,Teknik,4,Arsitektur (3); Teknik Arsitektur (1),75%,,Arsitektur,Arsitektur
54314,D4,Teknik,4,Arsitektur Bangunan Gedung (4),100%,,Arsitektur Bangunan Gedung,Arsitektur
54319,D4,Teknik,2,Arsitektur Bangunan Gedung (2),100%,,Arsitektur Bangunan Gedung,Arsitektur
40405,D3,Teknik,1,Avionika (1),100%,,Avionika,Teknik Pesawat Udara
49103,S1,Teknik,2,Bachelor of Computer Science (1); Bsc (Hons) Computer Science (1),50%,ya,Bachelor of Computer Science,Teknik Informatika
55721,S1,Teknik,1,Bachelor of Cyber Security (1),100%,,Bachelor of Cyber Security,Keamanan Siber
54342,D4,Teknik,2,Budi Daya Laut dan Pantai (1); Manajemen Rekayasa Budidaya Laut (1),50%,ya,Budi Daya Laut dan Pantai,Akuakultur
90249,S1,Teknik,1,Desain Interaktif (1),100%,,Desain Interaktif,Desain Interaktif
35302,D4,Teknik,2,Desain Kawasan Binaan (1); Perencanaan Tata Ruang dan Pertanahan (1),50%,ya,Desain Kawasan Binaan,Perencanaan Wilayah dan Kota
90312,D4,Teknik,2,Desain Produk Kayu Dan Serat (1); Rekayasa Kayu (1),50%,ya,Desain Produk Kayu Dan Serat,Desain Produk
30303,D4,Teknik,1,Elektro Mekanika (1),100%,,Elektro Mekanika,Teknik Mekatronika
30202,S1,Teknik,3,Elektronika dan Instrumentasi (1); Instrumentasi (1); Teknik Elektro (1),33%,ya,Elektronika dan Instrumentasi,Teknik Elektro
41202,S1,Teknik,1,Engineering Science (1),100%,,Engineering Science,Engineering Science
30401,D3,Teknik,1,Fisika (1),100%,,Fisika,Fisika
38401,D3,Teknik,1,Hidro Oseanografi (1),100%,,Hidro Oseanografi,Teknik Kelautan
55208,S1,Teknik,19,Ilmu Komputer (19),100%,,Ilmu Komputer,Teknik Informatika
56206,S1,Teknik,1,Ilmu Komputer (1),100%,,Ilmu Komputer,Teknik Informatika
59202,S1,Teknik,7,Ilmu Komputer (3); Rekayasa Perangkat Lunak (3); Sistem Informasi Akuntansi (1),43%,ya,Ilmu Komputer,Teknik Informatika
95201,S1,Teknik,15,Ilmu Lingkungan (14); Sains Lingkungan (1),93%,,Ilmu Lingkungan,Ilmu Lingkungan
75202,S1,Teknik,2,Ilmu Perpustakaan dan Informasi Islam (2),100%,,Ilmu Perpustakaan dan Informasi Islam,Ilmu Perpustakaan
55200,S1,Teknik,94,Informatika (94),100%,,Informatika,Teknik Informatika
55202,S1,Teknik,140,Informatika (78); Teknik Informatika (59); Teknologi Informasi (2),56%,ya,Informatika,Teknik Informatika
55206,S1,Teknik,1,Informatika (1),100%,,Informatika,Teknik Informatika
55210,S1,Teknik,1,Informatika (1),100%,,Informatika,Teknik Informatika
55213,S1,Teknik,1,Informatika (1),100%,,Informatika,Teknik Informatika
55214,S1,Teknik,1,Informatika (1),100%,,Informatika,Teknik Informatika
55215,S1,Teknik,1,Informatika (1),100%,,Informatika,Teknik Informatika
55219,S1,Teknik,1,Informatika (1),100%,,Informatika,Teknik Informatika
55223,S1,Teknik,1,Informatika (1),100%,,Informatika,Teknik Informatika
55224,S1,Teknik,1,Informatika (1),100%,,Informatika,Teknik Informatika
55281,S1,Teknik,3,Informatika (2); Teknik Informatika (1),67%,ya,Informatika,Teknik Informatika
55225,S1,Teknik,1,Informatika Kampus Kota Bogor (1),100%,,Informatika Kampus Kota Bogor,Teknik Informatika
55212,S1,Teknik,1,Informatika Kampus Kota Pontianak (1),100%,,Informatika Kampus Kota Pontianak,Teknik Informatika
55211,S1,Teknik,1,Informatika Kampus Kota Sukabumi (1),100%,,Informatika Kampus Kota Sukabumi,Teknik Informatika
55604,S1,Teknik,1,Informatika PSDKU (1),100%,,Informatika PSDKU,Teknik Informatika
55282,S1,Teknik,1,Inovasi Digital (1),100%,,Inovasi Digital,Inovasi Digital
26210,D4,Teknik,1,Intelijen Teknologi (1),100%,,Intelijen Teknologi,Intelijen
26209,D4,Teknik,1,Keamanan dan Intelijen Siber (1),100%,,Keamanan dan Intelijen Siber,Keamanan Siber
57302,D4,Teknik,19,Keamanan Sistem Informasi (6); Rekayasa Keamanan Siber (6); Komputerisasi Akuntansi (3),32%,ya,Keamanan Sistem Informasi,Keamanan Sistem Informasi
55283,S1,Teknik,4,Kecerdasan Artifisial (2); Kecerdasan Buatan (1); Rekayasa Kecerdasan Artifisial (1),50%,ya,Kecerdasan Artifisial,Kecerdasan Buatan
56212,S1,Teknik,3,Kecerdasan Buatan (3),100%,,Kecerdasan Buatan,Kecerdasan Buatan
56209,D4,Teknik,3,Kecerdasan Buatan dan Robotik (2); Kecerdasan Buatan dan Robotika (1),67%,ya,Kecerdasan Buatan dan Robotik,Kecerdasan Buatan
55221,D4,Teknik,1,Kepolisian (1),100%,,Kepolisian,Ilmu Kepolisian
32404,D3,Teknik,3,Keselamatan Kerja & Pencegahan Kebakaran (1); Penyelamatan dan Pemadam Kebakaran Penerbangan (1); Pertolongan Kecelakaan Pesawat (1),33%,ya,Keselamatan Kerja & Pencegahan Kebakaran,Keselamatan Kerja & Pencegahan Kebakaran
92301,D4,Teknik,3,Ketatalaksanaan Pelayaran Niaga Dan Kepelabuhan (2); Tata Laksana Angkutan Laut dan Kepelabuhan (1),67%,ya,Ketatalaksanaan Pelayaran Niaga Dan Kepelabuhan,Manajemen Pelabuhan dan Pelayaran
92401,D3,Teknik,23,Ketatalaksanaan Pelayaran Niaga Dan Kepelabuhan (11); Ketatalaksanaan Pelayaran Niaga Dan Kepel (9); Ketatalaksanaan Pelayaran Niaga (1),48%,ya,Ketatalaksanaan Pelayaran Niaga Dan Kepelabuhan,Manajemen Pelabuhan dan Pelayaran
24304,D4,Teknik,2,Kimia Tekstil (2),100%,,Kimia Tekstil,Teknik Tekstil
24307,D4,Teknik,1,Kimia Terapan (1),100%,,Kimia Terapan,Kimia Terapan
57402,D3,Teknik,68,Komputerisasi Akuntansi (61); Sistem Informasi Akuntansi (6); Sistem Informasi (1),90%,,Komputerisasi Akuntansi,Komputerisasi Akuntansi
22403,D3,Teknik,8,Konstruksi Gedung (2); Teknik Konstruksi Gedung (2); Teknologi Konstruksi Bangunan Gedung (2),25%,ya,Konstruksi Gedung,Teknik Sipil
22402,D3,Teknik,7,Konstruksi Sipil (2); Teknik Konstruksi Sipil (2); Teknik Ekonomi Konstruksi (1),29%,ya,Konstruksi Sipil,Teknik Sipil
39403,D3,Teknik,1,Lalu Lintas Sungai Danau dan Penyeberangan (1),100%,,Lalu Lintas Sungai Danau dan Penyeberangan,Transportasi
39304,D4,Teknik,1,Lalu Lintas Udara (1),100%,,Lalu Lintas Udara,Lalu Lintas Udara
40401,D3,Teknik,1,Listrik Pesawat (1),100%,,Listrik Pesawat,Teknik Pesawat Udara
26104,D3,Teknik,5,Manajemen Industri (4); Manajemen Bisnis Industri Furnitur (1),80%,,Manajemen Industri,Teknik Industri
26402,D3,Teknik,4,Manajemen Industri (3); Manajemen Logistik Industri Agro (1),75%,,Manajemen Industri,Teknik Industri
57301,D4,Teknik,7,Manajemen Informatika (5); Sistem Informasi (1); Teknik Informatika (1),71%,,Manajemen Informatika,Manajemen Informatika
57401,D3,Teknik,191,Manajemen Informatika (178); Sistem Informasi (11); Manajemen lnformatika (1),93%,,Manajemen Informatika,Manajemen Informatika
57404,D3,Teknik,6,Manajemen Informatika (5); Sistem Informasi (1),83%,,Manajemen Informatika,Manajemen Informatika
57472,D3,Teknik,1,Manajemen Informatika (1),100%,,Manajemen Informatika,Manajemen Informatika
57481,D3,Teknik,4,Manajemen Informatika (3); Sistem Informasi (1),75%,,Manajemen Informatika,Manajemen Informatika
57482,D3,Teknik,2,Manajemen Informatika Kampus Kota Padang (1); Sistem Informasi Kampus Kota Tasikmalaya (1),50%,ya,Manajemen Informatika Kampus Kota Padang,Manajemen Informatika
92201,S1,Teknik,2,Manajemen Kepelabuhan dan Pelayaran (2),100%,,Manajemen Kepelabuhan dan Pelayaran,Manajemen Pelabuhan dan Pelayaran
57207,S1,Teknik,3,Manajemen Komunikasi (2); Manajemen Informasi Komunikasi (1),67%,ya,Manajemen Komunikasi,Ilmu Komunikasi
22302,D4,Teknik,11,Manajemen Konstruksi (2); Manajemen Rekayasa Konstruksi (2); Jasa Konstruksi (1),18%,ya,Manajemen Konstruksi,Teknik Sipil
22310,D4,Teknik,2,Manajemen Konstruksi (2),100%,,Manajemen Konstruksi,Teknik Sipil
39404,D3,Teknik,4,Manajemen Lalu Lintas Udara (2); Lalu Lintas Udara (1); Pemanduan Lalu Lintas Udara (1),50%,ya,Manajemen Lalu Lintas Udara,Lalu Lintas Udara
80206,S1,Teknik,1,Manajemen Mutu Halal (1),100%,,Manajemen Mutu Halal,Manajemen Industri Halal
92304,D4,Teknik,5,Manajemen Pelabuhan Dan Logistik Maritim (3); Ketatalaksanaan Angkutan Laut dan Kepelabuhan (1); Ketatalaksanaan Angkutan Laut dan Kepelabuhanan (1),60%,ya,Manajemen Pelabuhan dan Logistik Maritim,Manajemen Pelabuhan dan Pelayaran
26202,S1,Teknik,7,Manajemen Rekayasa (7),100%,,Manajemen Rekayasa,Teknik Industri
26305,D4,Teknik,1,Manajemen Teknologi Rekayasa (1),100%,,Manajemen Teknologi Rekayasa,Teknik Industri
39401,D3,Teknik,1,Manajemen Transportasi Jalan (1),100%,,Manajemen Transportasi Jalan,Transportasi
22407,D3,Teknik,1,Manajemen Transportasi Perkeretaapian (1),100%,,Manajemen Transportasi Perkeretaapian,Perkeretaapian
21412,D3,Teknik,7,Mekatronika (4); Teknik Mekatronika (3),57%,ya,Mekatronika,Teknik Mekatronika
21403,D3,Teknik,20,Mesin Otomotif (9); Teknik Otomotif (5); Teknologi Otomotif (3),45%,ya,Mesin Otomotif,Teknik Otomotif
33202,S1,Teknik,2,Meteorologi (1); Meteorologi Terapan (1),50%,ya,Meteorologi,Meteorologi
20404,D3,Teknik,2,Metrologi dan Instrumentasi (1); Metrologi Dan Instrumetasi (1),50%,ya,Metrologi dan Instrumentasi,Teknik Instrumentasi
40404,D3,Teknik,1,Motor Pesawat (1),100%,,Motor Pesawat,Teknik Pesawat Udara
90448,D3,Teknik,2,Multimedia (1); Teknologi Multimedia Broadcasting (1),50%,ya,Multimedia,Multimedia
30204,D4,Teknik,1,Nanoteknologi Pangan (1),100%,,Nanoteknologi Pangan,Teknologi Pangan
92303,D4,Teknik,4,Nautika (4),100%,,Nautika,Nautika
92403,D3,Teknik,33,Nautika (26); Studi Nautika (7),79%,,Nautika,Nautika
21404,D3,Teknik,1,Pembuatan Peralatan dan Perkakas Produksi (1),100%,,Pembuatan Peralatan dan Perkakas Produksi,Teknik Mesin
21421,D3,Teknik,1,Pemeliharaan Alat Berat (1),100%,,Pemeliharaan Alat Berat,Teknik Mesin
40309,D4,Teknik,1,Penerbang (1),100%,,Penerbang,Penerbang
40408,D3,Teknik,1,Penerbang Sayap Tetap (1),100%,,Penerbang Sayap Tetap,Penerbang
21410,D3,Teknik,2,Pengecoran (1); Teknologi Pengecoran Logam (1),50%,ya,Pengecoran,Teknik Mesin
22313,D4,Teknik,5,Pengelolaan Pelabuhan Perikanan (1); Teknik Infrastruktur Sipil dan Perancangan Arsitektur (1); Teknik Pengelolaan dan Pemeliharaan Infrastruktur Sipil (1),20%,ya,Pengelolaan Pelabuhan Perikanan,Pengelolaan Pelabuhan Perikanan
51301,D4,Teknik,3,Penginderaan Jauh dan Sistem Informasi Geografis (2); Sistem Informasi Geografis (1),67%,ya,Penginderaan Jauh dan Sistem Informasi Geografis,Geografi
32403,D3,Teknik,3,Pengolahan Limbah Industri (1); Teknik Analisis Lab Minyak Dan Gas (1); Teknologi Pengolahan Karet dan Plastik (1),33%,ya,Pengolahan Limbah Industri,Pengolahan Limbah Industri
39402,D3,Teknik,1,Pengujian Kendaraan Bermotor (1),100%,,Pengujian Kendaraan Bermotor,Transportasi
22307,D4,Teknik,1,Perancangan Jalan dan Jembatan (1),100%,,Perancangan Jalan dan Jembatan,Teknik Sipil
21416,D3,Teknik,1,Perawatan dan Perbaikan (1),100%,,Perawatan dan Perbaikan,Teknik Mesin
21408,D3,Teknik,14,Perawatan Dan Perbaikan Mesin (5); Pemeliharaan Mesin (4); Teknologi Mesin (2),36%,ya,Perawatan Dan Perbaikan Mesin,Teknik Mesin
35401,D3,Teknik,3,Perencanaan Tata Ruang Wilayah Dan Kota (1); Survei Dan Pemetaan (1); Teknik Survey dan Pemetaan (1),33%,ya,Perencanaan Tata Ruang Wilayah Dan Kota,Perencanaan Tata Ruang Wilayah Dan Kota
35403,D3,Teknik,1,Perencanaan Tata Ruang Wilayah dan Kota K. Pekalongan (1),100%,,Perencanaan Tata Ruang Wilayah dan Kota K. Pekalongan,Perencanaan Wilayah dan Kota
35201,S1,Teknik,83,Perencanaan Wilayah dan Kota (78); Perencanaan Wilayah (2); Teknik Perencanaan Wilayah Dan Kota (2),94%,,Perencanaan Wilayah dan Kota,Perencanaan Wilayah dan Kota
35202,S1,Teknik,1,Perencanaan Wilayah dan Kota (1),100%,,Perencanaan Wilayah dan Kota,Perencanaan Wilayah dan Kota
54440,D3,Teknik,5,Perikanan Tangkap (4); Teknik Penangkapan Ikan (1),80%,,Perikanan Tangkap,Perikanan Tangkap
92305,D4,Teknik,1,Perkeretaapian (1),100%,,Perkeretaapian,Perkeretaapian
36402,D3,Teknik,10,Permesinan Kapal (8); Teknik Permesinan Kapal (2),80%,,Permesinan Kapal,Permesinan Kapal
36405,D3,Teknik,1,Permesinan Kapal (1),100%,,Permesinan Kapal,Permesinan Kapal
32401,D3,Teknik,3,Perminyakan (1); Teknik Eksplorasi Produksi Minyak Dan Gas (1); Teknik Perminyakan Dan Gas Bumi (1),33%,ya,Perminyakan,Teknik Perminyakan
71203,S1,Teknik,7,Perpustakaan dan Sains Informasi (6); Ilmu Perpustakaan dan Sains Informasi (1),86%,,Perpustakaan dan Sains Informasi,Ilmu Perpustakaan
35301,D4,Teknik,1,Pertanahan (1),100%,,Pertanahan,Pertanahan
24403,D3,Teknik,1,Petro Dan Oleo Kimia (1),100%,,Petro dan oleo Kimia,Teknik Kimia
24405,D3,Teknik,1,Petro dan oleo Kimia (1),100%,,Petro dan oleo Kimia,Teknik Kimia
55203,S1,Teknik,7,PJJ Informatika (5); PJJ Teknik Informatika (2),71%,,PJJ Informatika,Teknik Informatika
55217,S1,Teknik,1,PJJ Informatika (1),100%,,PJJ Informatika,Teknik Informatika
83210,S1,Teknik,1,PJJ Pendidikan Vokasional Teknik Mesin (1),100%,,PJJ Pendidikan Vokasional Teknik Mesin,Pendidikan Teknik Mesin
57203,S1,Teknik,6,PJJ Sistem Informasi (3); Sistem Informasi (3),50%,ya,PJJ Sistem Informasi,Sistem Informasi
26205,S1,Teknik,2,PJJ Teknik Industri (2),100%,,PJJ Teknik Industri,Teknik Industri
20372,D4,Teknik,1,PJJ Teknik Telekomunikasi (1),100%,,PJJ Teknik Telekomunikasi,Teknik Telekomunikasi
20207,S1,Teknik,3,Rekayasa Elektro (3),100%,,Rekayasa Elektro,Teknik Elektro
20308,D4,Teknik,2,Rekayasa Elektro Medis (1); Teknologi Rekayasa Elektro-Medis (1),50%,ya,Rekayasa Elektro Medis,Teknik Elektromedik
34302,S1,Teknik,2,Rekayasa Geologi (2),100%,,Rekayasa Geologi,Teknik Geologi
26211,S1,Teknik,3,Rekayasa Industri (3),100%,,Rekayasa Industri,Teknik Industri
26281,S1,Teknik,1,Rekayasa Industri (1),100%,,Rekayasa Industri,Teknik Industri
22104,S1,Teknik,5,Rekayasa Infrastruktur dan Lingkungan (2); Rekayasa Infrastruktur Lingkungan (1); Teknik Infrastruktur Lingkungan (1),40%,ya,Rekayasa Infrastruktur dan Lingkungan,Teknik Lingkungan
21300,S1,Teknik,2,Rekayasa Instrumentasi dan Automasi (1); Rekayasa Instrumentasi dan Otomasi (1),50%,ya,Rekayasa Instrumentasi dan Automasi,Teknik Instrumentasi
26214,D4,Teknik,1,Rekayasa Keamanan Siber (1),100%,,Rekayasa Keamanan Siber,Keamanan Siber
89203,S1,Teknik,1,Rekayasa Keolahragaan (1),100%,,Rekayasa Keolahragaan,Ilmu Keolahragaan
23306,S1,Teknik,1,Rekayasa Keselamatan Proses (1),100%,,Rekayasa Keselamatan Proses,Keselamatan dan Kesehatan Kerja
57210,S1,Teknik,2,Rekayasa Komputer (2),100%,,Rekayasa Komputer,Teknik Komputer
23305,S1,Teknik,1,Rekayasa Kosmetik (1),100%,,Rekayasa Kosmetik,Rekayasa Kosmetik
63216,S1,Teknik,1,Rekayasa Logistik (1),100%,,Rekayasa Logistik,Logistik
30603,S1,Teknik,1,Rekayasa Mesin (1),100%,,Rekayasa Mesin,Teknik Mesin
32400,S1,Teknik,1,Rekayasa Minyak dan Gas (1),100%,,Rekayasa Minyak dan Gas,Teknik Perminyakan
90354,D4,Teknik,1,Rekayasa Multimedia Edukasi Digital (1),100%,,Rekayasa Multimedia Edukasi Digital,Multimedia
21301,D4,Teknik,17,Rekayasa Perancangan Mekanik (6); Teknik Mesin Produksi dan Perawatan (4); Teknik Mesin Kapal Perang (2),35%,ya,Rekayasa Perancangan Mekanik,Teknik Mesin
21319,D4,Teknik,1,Rekayasa Perancangan Mekanik (1),100%,,Rekayasa Perancangan Mekanik,Teknik Mesin
58201,S1,Teknik,28,Rekayasa Perangkat Lunak (26); Teknik Perangkat Lunak (2),93%,,Rekayasa Perangkat Lunak,Rekayasa Perangkat Lunak
58203,S1,Teknik,10,Rekayasa Perangkat Lunak (10),100%,,Rekayasa Perangkat Lunak,Rekayasa Perangkat Lunak
58204,S1,Teknik,1,Rekayasa Perangkat Lunak (1),100%,,Rekayasa Perangkat Lunak,Rekayasa Perangkat Lunak
58205,S1,Teknik,1,Rekayasa Perangkat Lunak (1),100%,,Rekayasa Perangkat Lunak,Rekayasa Perangkat Lunak
58401,D3,Teknik,1,Rekayasa Perangkat Lunak Aplikasi (1),100%,,Rekayasa Perangkat Lunak Aplikasi,Rekayasa Perangkat Lunak
31202,S1,Teknik,1,Rekayasa Pertambangan (1),100%,,Rekayasa Pertambangan,Teknik Pertambangan
54208,S1,Teknik,5,Rekayasa Pertanian dan Biosistem (2); Teknik Pertanian dan Biosistem (2); Teknik Biosistem (1),40%,ya,Rekayasa Pertanian dan Biosistem,Teknik Pertanian
22701,S1,Teknik,5,Rekayasa Sipil (5),100%,,Rekayasa Sipil,Teknik Sipil
56204,S1,Teknik,4,Rekayasa Sistem Komputer (4),100%,,Rekayasa Sistem Komputer,Teknik Komputer
39301,D4,Teknik,3,Rekayasa Sistem Transportasi Jalan (1); Teknologi Rekayasa Bandar Udara (1); Transportasi (1),33%,ya,Rekayasa Sistem Transportasi Jalan,Transportasi
22205,S1,Teknik,1,Rekayasa Sumber Daya Air (1),100%,,Rekayasa Sumber Daya Air,Teknik Sipil
46205,S1,Teknik,1,Rekayasa Tata Kelola Air Terpadu (1),100%,,Rekayasa Tata Kelola Air Terpadu,Teknik Sipil
24202,S1,Teknik,1,Rekayasa Tekstil (1),100%,,Rekayasa Tekstil,Teknik Tekstil
26304,D4,Teknik,6,Relasi Industri (3); Administrasi Bisnis Otomotif (1); Bisnis Industri Kreatif (1),50%,ya,Relasi Industri,Relasi Industri
49207,S1,Teknik,1,Sains Data (1),100%,,Sains Data,Sains Data
49204,S1,Teknik,2,Sains Informasi (2),100%,,Sains Informasi,Sains Informasi
95202,S1,Teknik,3,Sains Lingkungan (3),100%,,Sains Lingkungan,Ilmu Lingkungan
57201,S1,Teknik,508,Sistem Informasi (502); Ilmu Komputer (3); Sistem Dan Teknologi Informasi (1),99%,,Sistem Informasi,Sistem Informasi
57202,S1,Teknik,1,Sistem Informasi (1),100%,,Sistem Informasi,Sistem Informasi
57204,S1,Teknik,3,Sistem Informasi (3),100%,,Sistem Informasi,Sistem Informasi
57206,S1,Teknik,1,Sistem Informasi (1),100%,,Sistem Informasi,Sistem Informasi
57208,S1,Teknik,1,Sistem Informasi (1),100%,,Sistem Informasi,Sistem Informasi
57209,S1,Teknik,1,Sistem Informasi (1),100%,,Sistem Informasi,Sistem Informasi
57212,S1,Teknik,2,Sistem Informasi (2),100%,,Sistem Informasi,Sistem Informasi
57213,S1,Teknik,1,Sistem Informasi (1),100%,,Sistem Informasi,Sistem Informasi
57214,S1,Teknik,1,Sistem Informasi (1),100%,,Sistem Informasi,Sistem Informasi
57215,S1,Teknik,1,Sistem Informasi (1),100%,,Sistem Informasi,Sistem Informasi
57216,S1,Teknik,1,Sistem Informasi (1),100%,,Sistem Informasi,Sistem Informasi
57217,S1,Teknik,1,Sistem Informasi (1),100%,,Sistem Informasi,Sistem Informasi
57403,D3,Teknik,12,Sistem Informasi (8); Teknologi Informasi (4),67%,ya,Sistem Informasi,Sistem Informasi
57492,D3,Teknik,1,Sistem Informasi Akuntansi Kampus Kabupaten Karawang (1),100%,,Sistem Informasi Akuntansi Kampus Kabupaten Karawang,Sistem Informasi Akuntansi
57491,D3,Teknik,1,Sistem Informasi Akuntansi Kampus Kota Bogor (1),100%,,Sistem Informasi Akuntansi Kampus Kota Bogor,Sistem Informasi Akuntansi
57496,D3,Teknik,1,Sistem Informasi Akuntansi Kampus Kota Pontianak (1),100%,,Sistem Informasi Akuntansi Kampus Kota Pontianak,Sistem Informasi Akuntansi
57493,D3,Teknik,1,Sistem Informasi Akuntansi Kampus Kota Sukabumi (1),100%,,Sistem Informasi Akuntansi Kampus Kota Sukabumi,Sistem Informasi Akuntansi
57495,D3,Teknik,1,Sistem Informasi Akuntansi Kampus Kota Surakarta (1),100%,,Sistem Informasi Akuntansi Kampus Kota Surakarta,Sistem Informasi Akuntansi
57494,D3,Teknik,1,Sistem Informasi Akuntansi Kampus Kota Tegal (1),100%,,Sistem Informasi Akuntansi Kampus Kota Tegal,Sistem Informasi Akuntansi
57303,D4,Teknik,3,Sistem Informasi Bisnis (1); Sistem Informasi Industri Otomotif (1); Teknologi Rekayasa Informatika Industri (1),33%,ya,Sistem Informasi Bisnis,Sistem Informasi
57483,D3,Teknik,1,Sistem Informasi Kampus Kabupaten Banyumas (1),100%,,Sistem Informasi Kampus Kabupaten Banyumas,Sistem Informasi
57489,D3,Teknik,1,Sistem Informasi Kampus Kabupaten Karawang (1),100%,,Sistem Informasi Kampus Kabupaten Karawang,Sistem Informasi
57218,S1,Teknik,1,Sistem Informasi Kampus Kota Bogor (1),100%,,Sistem Informasi Kampus Kota Bogor,Sistem Informasi
57488,D3,Teknik,1,Sistem Informasi Kampus Kota Bogor (1),100%,,Sistem Informasi Kampus Kota Bogor,Sistem Informasi
57205,S1,Teknik,1,Sistem Informasi Kampus Kota Pontianak (1),100%,,Sistem Informasi Kampus Kota Pontianak,Sistem Informasi
57281,S1,Teknik,1,Sistem Informasi Kampus Kota Sukabumi (1),100%,,Sistem Informasi Kampus Kota Sukabumi,Sistem Informasi
57486,D3,Teknik,1,Sistem Informasi Kampus Kota Surakarta (1),100%,,Sistem Informasi Kampus Kota Surakarta,Sistem Informasi
57484,D3,Teknik,1,Sistem Informasi Kampus Kota Tegal (1),100%,,Sistem Informasi Kampus Kota Tegal,Sistem Informasi
57485,D3,Teknik,1,Sistem Informasi Kampus Kota Yogyakarta (1),100%,,Sistem Informasi Kampus Kota Yogyakarta,Sistem Informasi
56211,D4,Teknik,2,Sistem Informasi Kota Cerdas (2),100%,,Sistem Informasi Kota Cerdas,Sistem Informasi
57309,D4,Teknik,1,Sistem Informasi Kota Cerdas (1),100%,,Sistem Informasi Kota Cerdas,Sistem Informasi
56201,S1,Teknik,65,Sistem Komputer (39); Teknik Komputer (13); Rekayasa Sistem Komputer (9),60%,ya,Sistem Komputer,Teknik Komputer
56205,S1,Teknik,1,Sistem Komputer (1),100%,,Sistem Komputer,Teknik Komputer
21306,D4,Teknik,4,Sistem Pembangkit Energi (1); Teknik Energi (1); Teknik Energi Terbarukan (1),25%,ya,Sistem Pembangkit Energi,Teknik Energi
35402,D3,Teknik,2,Survei dan Pemetaan (2),100%,,Survei dan Pemetaan,Teknik Geodesi
40406,D3,Teknik,1,Teknik & Manajemen Pembekalan (1),100%,,Teknik & Manajemen Pembekalan,Teknik & Manajemen Pembekalan
40402,D3,Teknik,4,Teknik Aeronautika (2); Aeronautika (1); Penerangan Aeronautika (1),50%,ya,Teknik Aeronautika,Teknik Pesawat Udara
40301,D4,Teknik,1,Teknik Aeronautika Pertahanan (1),100%,,Teknik Aeronautika Pertahanan,Teknik Pesawat Udara
21413,D3,Teknik,7,Teknik Alat Berat (3); Alat Berat (2); Teknik Mesin Alat Berat (1),43%,ya,Teknik Alat Berat,Teknik Mesin
21414,D3,Teknik,4,Teknik Alat Berat (2); Pemeliharaan Alat Berat (1); Perawatan Alat Berat (1),50%,ya,Teknik Alat Berat,Teknik Mesin
21415,D3,Teknik,1,Teknik Alat Berat (1),100%,,Teknik Alat Berat,Teknik Mesin
22405,D3,Teknik,3,Teknik Bangunan dan Landasan (1); Teknologi Bangunan dan Jalur Perkeretaapian (1); Teknologi Konstruksi Jalan dan Jembatan (1),33%,ya,Teknik Bangunan dan Landasan,Teknik Sipil
36403,D3,Teknik,3,Teknik Bangunan Kapal (2); Teknik Bangunan dan Landasan (1),67%,ya,Teknik Bangunan Kapal,Teknik Perkapalan
22304,D3;D4,Teknik,5,Teknik Bangunan Rawa (1); Teknik Perancangan Irigasi Dan Penanganan Pantai (1); Teknik Perawatan dan Perbaikan Mesin (1),20%,ya,Teknik Bangunan Rawa,Teknik Bangunan Rawa
21012,S1,Teknik,1,Teknik Bioenergi dan Kemurgi (1),100%,,Teknik Bioenergi dan Kemurgi,Teknik Energi
25202,S1,Teknik,1,Teknik Bioproses (1),100%,,Teknik Bioproses,Teknik Kimia
25203,S1,Teknik,2,Teknik Bioproses (2),100%,,Teknik Bioproses,Teknik Kimia
21203,S1,Teknik,3,Teknik Dirgantara (3),100%,,Teknik Dirgantara,Teknik Dirgantara
20201,S1,Teknik,272,Teknik Elektro (272),100%,,Teknik Elektro,Teknik Elektro
20205,S1,Teknik,1,Teknik Elektro (1),100%,,Teknik Elektro,Teknik Elektro
20206,S1,Teknik,1,Teknik Elektro (1),100%,,Teknik Elektro,Teknik Elektro
20209,S1,Teknik,1,Teknik Elektro (1),100%,,Teknik Elektro,Teknik Elektro
21303,D4,Teknik,3,Teknik Elektromedik (1); Teknik Otomotif Elektronik (1); Teknik Otomotif Kendaraan Tempur (1),33%,ya,Teknik Elektromedik,Teknik Elektromedik
20301,D4,Teknik,23,Teknik Elektronika (5); Teknologi Rekayasa Elektro-medis (3); Teknik Elektro (2),22%,ya,Teknik Elektronika,Teknik Elektronika
20401,D3;D4,Teknik,69,Teknik Elektronika (36); Teknik Elektro (7); Teknologi Elektro-medis (4),52%,ya,Teknik Elektronika,Teknik Elektro
20406,D3,Teknik,11,Teknik Elektronika (9); Teknik Elektronika Manufaktur (1); Teknologi Elektronika (1),82%,,Teknik Elektronika,Teknik Elektro
30302,D4,Teknik,7,Teknik Elektronika (3); Teknologi Rekayasa Instrumentasi (2); Elektronika Instrumentasi (1),43%,ya,Teknik Elektronika,Teknik Elektro
21202,S1,Teknik,2,Teknik Energi Terbarukan (2),100%,,Teknik Energi Terbarukan,Teknik Energi
30201,S1,Teknik,11,Teknik Fisika (11),100%,,Teknik Fisika,Teknik Fisika
29201,S1,Teknik,11,Teknik Geodesi (10); Teknik Geodesi Dan Geomatika (1),91%,,Teknik Geodesi,Teknik Geodesi
33201,S1,Teknik,22,Teknik Geofisika (12); Geofisika (10),55%,ya,Teknik Geofisika,Geofisika
34201,S1,Teknik,39,Teknik Geologi (35); Geologi (4),90%,,Teknik Geologi,Teknik Geologi
34401,D3,Teknik,3,Teknik Geologi (1); Teknik Geologi Terapan (1); Teknologi Geomatika (1),33%,ya,Teknik Geologi,Teknik Geologi
29202,S1,Teknik,6,Teknik Geomatika (6),100%,,Teknik Geomatika,Teknik Geodesi
26201,S1,Teknik,283,Teknik Industri (281); Teknik lndustri (1); Teknik Manajemen Industri (1),99%,,Teknik Industri,Teknik Industri
26207,S1,Teknik,1,Teknik Industri (1),100%,,Teknik Industri,Teknik Industri
26212,S1,Teknik,1,Teknik Industri (1),100%,,Teknik Industri,Teknik Industri
26213,S1,Teknik,1,Teknik Industri (1),100%,,Teknik Industri,Teknik Industri
26215,S1,Teknik,1,Teknik Industri (1),100%,,Teknik Industri,Teknik Industri
26401,D3,Teknik,12,Teknik Industri (6); Teknologi Industri (2); Teknik dan Manajemen Industri (1),50%,ya,Teknik Industri,Teknik Industri
26216,S1,Teknik,1,Teknik Industri Kampus Batang (1),100%,,Teknik Industri Kampus Batang,Teknik Industri
26301,D4,Teknik,2,Teknik Industri Otomotif (1); Teknik Manajemen Industri Pertahanan (1),50%,ya,Teknik Industri Otomotif,Teknik Industri Otomotif
41213,S1,Teknik,2,Teknik Industri Pertanian (2),100%,,Teknik Industri Pertanian,Teknologi Industri Pertanian
55201,S1,Teknik,473,Teknik Informatika (311); Informatika (96); Ilmu Komputer (57),66%,ya,Teknik Informatika,Teknik Informatika
55204,S1,Teknik,2,Teknik Informatika (2),100%,,Teknik Informatika,Teknik Informatika
55216,S1,Teknik,1,Teknik Informatika (1),100%,,Teknik Informatika,Teknik Informatika
55218,S1,Teknik,1,Teknik Informatika (1),100%,,Teknik Informatika,Teknik Informatika
55301,D4,Teknik,13,Teknik Informatika (12); Teknik Informatika Multimedia (1),92%,,Teknik Informatika,Teknik Informatika
55302,D4,Teknik,2,Teknik Informatika (2),100%,,Teknik Informatika,Teknik Informatika
55304,D4,Teknik,1,Teknik Informatika (1),100%,,Teknik Informatika,Teknik Informatika
55401,D3,Teknik,65,Teknik Informatika (51); Teknologi Informasi (11); Rekayasa Perangkat Lunak Aplikasi (3),78%,,Teknik Informatika,Teknik Informatika
56403,D3,Teknik,2,Teknik Informatika (1); Teknologi Informasi (1),50%,ya,Teknik Informatika,Teknik Informatika
22208,S1,Teknik,1,Teknik Infrastruktur dan Lingkungan (1),100%,,Teknik Infrastruktur dan Lingkungan,Teknik Lingkungan
30402,D3,Teknik,2,Teknik Instrumentasi (1); Teknologi Instrumentasi Industri Petrokimia (1),50%,ya,Teknik Instrumentasi,Teknik Instrumentasi
32405,D3,Teknik,1,Teknik Instrumentasi & Elektronika Migas (1),100%,,Teknik Instrumentasi & Elektronika Migas,Teknik Instrumentasi
38201,S1,Teknik,12,Teknik Kelautan (7); Oseanografi (4); Hidrografi (1),58%,ya,Teknik Kelautan,Teknik Kelautan
38202,S1,Teknik,4,Teknik Kelautan (4),100%,,Teknik Kelautan,Teknik Kelautan
38402,D3,Teknik,5,Teknik Kelautan (3); Teknologi Kelautan (1); Teknologi Nautika (1),60%,ya,Teknik Kelautan,Teknik Kelautan
36404,D3,Teknik,3,Teknik Kelistrikan Kapal (2); Sistem Kelistrikan kapal (1),67%,ya,Teknik Kelistrikan Kapal,Teknik Kelistrikan Kapal
32204,S1,Teknik,2,Teknik Keselamatan (2),100%,,Teknik Keselamatan,Keselamatan dan Kesehatan Kerja
32304,D4,Teknik,2,Teknik Keselamatan Dan Kesehatan Kerja (1); Teknologi Rekayasa Keselamatan (1),50%,ya,Teknik Keselamatan Dan Kesehatan Kerja,Keselamatan dan Kesehatan Kerja
24201,S1,Teknik,87,Teknik Kimia (87),100%,,Teknik Kimia,Teknik Kimia
24401,D3,Teknik,16,Teknik Kimia (13); Teknik Kimia Bahan Nabati (1); Teknologi Kimia (1),81%,,Teknik Kimia,Teknik Kimia
24406,D3,Teknik,2,Teknik Kimia (1); Teknik Kimia Mineral (1),50%,ya,Teknik Kimia,Teknik Kimia
56202,S1,Teknik,25,Teknik Komputer (24); Rekayasa Komputer (1),96%,,Teknik Komputer,Teknik Komputer
56207,S1,Teknik,1,Teknik Komputer (1),100%,,Teknik Komputer,Teknik Komputer
56401,D3,Teknik,53,Teknik Komputer (46); Teknik Informatika (2); Sistem Informasi (1),87%,,Teknik Komputer,Teknik Komputer
56402,D3,Teknik,20,Teknik Komputer (10); Teknologi Komputer (7); Teknologi Informasi (2),50%,ya,Teknik Komputer,Teknik Komputer
90243,S1,Teknik,1,Teknik Komputer (1),100%,,Teknik Komputer,Teknik Komputer
21406,D3,Teknik,4,Teknik Konversi Energi (4),100%,,Teknik Konversi Energi,Teknik Energi
54040,S1,Teknik,1,Teknik Lepas Pantai (1),100%,,Teknik Lepas Pantai,Teknik Kelautan
25201,S1,Teknik,88,Teknik Lingkungan (69); Ilmu Lingkungan (15); Geografi Lingkungan (1),78%,,Teknik Lingkungan,Teknik Lingkungan
25302,S1,Teknik,11,Teknik Lingkungan (11),100%,,Teknik Lingkungan,Teknik Lingkungan
25401,D3,Teknik,5,Teknik Lingkungan (3); Pengelolaan Lingkungan (1); Teknologi Lingkungan (1),60%,ya,Teknik Lingkungan,Teknik Lingkungan
352045,S1,Teknik,22,Teknik Lingkungan (21); Rekayasa Infrastruktur dan Lingkungan (1),95%,,Teknik Lingkungan,Teknik Lingkungan
20305,D4,Teknik,8,Teknik Listrik (3); Teknologi Rekayasa Instalasi Listrik (2); Teknik Listrik Bandara (1),38%,ya,Teknik Listrik,Teknik Elektro
20403,D3,Teknik,40,Teknik Listrik (31); Teknik Elektro Industri (2); Teknologi Listrik (2),78%,,Teknik Listrik,Teknik Elektro
63315,D4;S1,Teknik,11,Teknik Logistik (10); Teknologi Rekayasa Logistik (1),91%,,Teknik Logistik,Logistik
63318,S1,Teknik,1,Teknik Logistik (1),100%,,Teknik Logistik,Logistik
63319,S1,Teknik,1,Teknik Logistik (1),100%,,Teknik Logistik,Logistik
21208,S1,Teknik,1,Teknik Manufaktur (1),100%,,Teknik Manufaktur,Teknik Mesin
21307,D4,Teknik,8,Teknik Manufaktur (2); Perancangan Manufaktur (1); Proses Manufaktur (1),25%,ya,Teknik Manufaktur,Teknik Mesin
28201,S1,Teknik,4,Teknik Material (4),100%,,Teknik Material,Teknik Metalurgi
21411,D3,Teknik,7,Teknik Mekanikal Bandar Udara (1); Teknik Mesin (1); Teknik Perancangan Mekanik dan Mesin (1),14%,ya,Teknik Mekanikal Bandar Udara,Teknik Mekanikal Bandar Udara
21204,S1,Teknik,6,Teknik Mekatronika (5); Mekatronika dan Kecerdasan Buatan Kampus Purwakarta (1),83%,,Teknik Mekatronika,Teknik Mekatronika
21201,S1,Teknik,267,Teknik Mesin (265); Pendidikan Teknik Mekatronika (1); Teknik Mesin Perkapalan (1),99%,,Teknik Mesin,Teknik Mesin
21205,S1,Teknik,1,Teknik Mesin (1),100%,,Teknik Mesin,Teknik Mesin
21302,D4,Teknik,16,Teknik Mesin (5); Teknik Mesin Produksi dan Perawatan (4); Teknik Manufaktur Kapal (1),31%,ya,Teknik Mesin,Teknik Mesin
21401,D3,Teknik,78,Teknik Mesin (75); Teknologi Mesin (2); Teknik Mekanika (1),96%,,Teknik Mesin,Teknik Mesin
21417,D3,Teknik,1,Teknik Mesin (1),100%,,Teknik Mesin,Teknik Mesin
21402,D3,Teknik,7,Teknik Mesin Industri (2); Mesin Industri (1); Teknik Manufaktur Industri Agro (1),29%,ya,Teknik Mesin Industri,Teknik Mesin
21311,D4,Teknik,1,Teknik Mesin Produksi dan Perawatan (1),100%,,Teknik Mesin Produksi dan Perawatan,Teknik Mesin
27201,S1,Teknik,14,Teknik Metalurgi (11); Teknik Metalurgi dan Material (2); Teknik Material dan Metalurgi (1),79%,,Teknik Metalurgi,Teknik Metalurgi
90244,S1,Teknik,1,Teknik Multimedia dan Jaringan (1),100%,,Teknik Multimedia dan Jaringan,Teknik Komputer
40308,D4,Teknik,1,Teknik Navigasi Udara (1),100%,,Teknik Navigasi Udara,Lalu Lintas Udara
37201,S1,Teknik,1,Teknik Nuklir (1),100%,,Teknik Nuklir,Teknik Nuklir
21419,D3,Teknik,2,Teknik Otomotif (2),100%,,Teknik Otomotif,Teknik Otomotif
21310,D4,Teknik,1,Teknik Otomotif Elektronik (1),100%,,Teknik Otomotif Elektronik,Teknik Otomotif
21305,D4,Teknik,1,Teknik Pendingin dan Tata Udara (1),100%,,Teknik Pendingin Dan Tata Udara,Teknik Mesin
21405,D3,Teknik,5,Teknik Pendingin Dan Tata Udara (5),100%,,Teknik Pendingin Dan Tata Udara,Teknik Mesin
40201,S1,Teknik,4,Teknik Penerbangan (3); Teknik Dirgantara (1),75%,,Teknik Penerbangan,Teknik Dirgantara
22202,S1,Teknik,3,Teknik Pengairan (2); Teknik Sumber Daya Air (1),67%,ya,Teknik Pengairan,Teknik Sipil
32203,D4,Teknik,1,Teknik Pengolahan Limbah (1),100%,,Teknik Pengolahan Limbah,Teknik Lingkungan
32202,D4,Teknik,2,Teknik Pengolahan Minyak dan Gas (1); Teknik Produksi Migas (1),50%,ya,Teknik Pengolahan Minyak dan Gas,Teknik Perminyakan
32402,D3,Teknik,4,Teknik Pengolahan Minyak dan Gas (2); Teknik Pengolahan Migas (1); Teknologi Pengolahan Minyak Dan Gas (1),50%,ya,Teknik Pengolahan Minyak dan Gas,Teknik Perminyakan
21409,D3,Teknik,2,Teknik Perancangan Mekanik (1); Teknologi Perancangan Mekanik (1),50%,ya,Teknik Perancangan Mekanik,Teknik Mesin
36201,S1,Teknik,19,Teknik Perkapalan (17); Teknik Konstruksi Perkapalan (2),89%,,Teknik Perkapalan,Teknik Perkapalan
36401,D3,Teknik,3,Teknik Perkapalan (2); Teknik Perancangan Dan Konstruksi Kapal (1),67%,ya,Teknik Perkapalan,Teknik Perkapalan
23301,S1,Teknik,2,Teknik Perkeretaapian (2),100%,,Teknik Perkeretaapian,Perkeretaapian
32201,S1,Teknik,16,Teknik Perminyakan (16),100%,,Teknik Perminyakan,Teknik Perminyakan
36302,D4,Teknik,1,Teknik Perpipaan (1),100%,,Teknik Perpipaan,Teknik Perpipaan
31201,D3;S1,Teknik,54,Teknik Pertambangan (53); Teknologi Pertambangan (1),98%,,Teknik Pertambangan,Teknik Pertambangan
31302,D3,Teknik,1,Teknik Pertambangan (1),100%,,Teknik Pertambangan,Teknik Pertambangan
31401,D3,Teknik,17,Teknik Pertambangan (12); Teknik Kimia Mineral (1); Teknik Mineral (1),71%,,Teknik Pertambangan,Teknik Pertambangan
40307,D4,Teknik,1,Teknik Pesawat Udara (1),100%,,Teknik Pesawat Udara,Teknik Pesawat Udara
56203,S1,Teknik,7,Teknik Robotika dan Kecerdasan Buatan (5); Kecerdasan Buatan (1); Pendidikan Teknik Otomasi Industri dan Robotika (1),71%,,Teknik Robotika dan Kecerdasan Buatan,Kecerdasan Buatan
22201,S1,Teknik,400,Teknik Sipil (399); Teknik Sipil dan Lingkungan (1),100%,,Teknik Sipil,Teknik Sipil
22204,S1,Teknik,1,Teknik Sipil (1),100%,,Teknik Sipil,Teknik Sipil
22211,S1,Teknik,1,Teknik Sipil (1),100%,,Teknik Sipil,Teknik Sipil
22401,D3,Teknik,44,Teknik Sipil (41); Teknologi Sipil (2); Teknologi Konstruksi Bangunan Gedung (1),93%,,Teknik Sipil,Teknik Sipil
22212,S1,Teknik,1,Teknik Sipil Kampus Kab Tojo Una-una (1),100%,,Teknik Sipil Kampus Kab Tojo Una-una,Teknik Sipil
21206,S1,Teknik,7,Teknik Sistem Energi (7),100%,,Teknik Sistem Energi,Teknik Energi
21210,S1,Teknik,1,Teknik Sistem Energi (1),100%,,Teknik Sistem Energi,Teknik Energi
36202,S1,Teknik,6,Teknik Sistem Perkapalan (6),100%,,Teknik Sistem Perkapalan,Teknik Perkapalan
22207,S1,Teknik,1,Teknik Sumber Daya Air (1),100%,,Teknik Sumber Daya Air,Teknik Sipil
24302,D4,Teknik,2,Teknik Tekstil (2),100%,,Teknik Tekstil,Teknik Tekstil
24404,D3,Teknik,2,Teknik Tekstil (1); Teknologi industri Tekstil (1),50%,ya,Teknik Tekstil,Teknik Tekstil
20202,S1,Teknik,6,Teknik Telekomunikasi (4); Information and Communications Technology (1); Sistem Telekomunikasi (1),67%,ya,Teknik Telekomunikasi,Teknik Telekomunikasi
20204,S1,Teknik,1,Teknik Telekomunikasi (1),100%,,Teknik Telekomunikasi,Teknik Telekomunikasi
20208,S1,Teknik,1,Teknik Telekomunikasi (1),100%,,Teknik Telekomunikasi,Teknik Telekomunikasi
20210,S1,Teknik,1,Teknik Telekomunikasi (1),100%,,Teknik Telekomunikasi,Teknik Telekomunikasi
20302,D4,Teknik,7,Teknik Telekomunikasi (4); Rekayasa Perangkat Keras Kriptografi (1); Teknik Telekomunikasi Militer (1),57%,ya,Teknik Telekomunikasi,Teknik Telekomunikasi
20402,D3,Teknik,17,Teknik Telekomunikasi (12); Teknologi Telekomunikasi (2); TeknikTelekomunikasi dan Navigasi Udara (1),71%,,Teknik Telekomunikasi,Teknik Telekomunikasi
20408,D3,Teknik,1,Teknik Telekomunikasi (1),100%,,Teknik Telekomunikasi,Teknik Telekomunikasi
20203,S1,Teknik,3,Teknik Tenaga Listrik (2); Teknik Elektro (1),67%,ya,Teknik Tenaga Listrik,Teknik Elektro
21207,S1,Teknik,4,Teknik Transportasi Laut (3); Rekayasa Transportasi Laut (1),75%,,Teknik Transportasi Laut,Teknik Transportasi Laut
92302,D4,Teknik,3,Teknika (3),100%,,Teknika,Teknika
92402,D3,Teknik,21,Teknika (20); Permesinan Kapal (1),95%,,Teknika,Teknika
37301,D4,Teknik,1,Teknokimia Nuklir (1),100%,,Teknokimia Nuklir,Teknik Nuklir
20409,D3,Teknik,1,Teknologi Elektro-medis (1),100%,,Teknologi Elektro-medis,Teknik Elektromedik
34301,D3,Teknik,1,Teknologi Geologi (1),100%,,Teknologi Geologi,Teknik Geologi
29301,D3,Teknik,1,Teknologi Geomatika (1),100%,,Teknologi Geomatika,Teknik Geodesi
90341,D4,Teknik,2,Teknologi Industri Cetak kemasan (1); Teknologi Rekayasa Pengemasan (1),50%,ya,Teknologi Industri Cetak kemasan,Teknologi Grafika
55207,S1,Teknik,1,Teknologi Informasi (1),100%,,Teknologi Informasi,Teknologi Informasi
59201,S1,Teknik,171,Teknologi Informasi (124); Sistem dan Teknologi Informasi (38); Sistem Informasi (6),73%,,Teknologi Informasi,Teknologi Informasi
59203,S1,Teknik,1,Teknologi Informasi (1),100%,,Teknologi Informasi,Teknologi Informasi
59204,S1,Teknik,1,Teknologi Informasi (1),100%,,Teknologi Informasi,Teknologi Informasi
59206,S1,Teknik,1,Teknologi Informasi (1),100%,,Teknologi Informasi,Teknologi Informasi
59207,S1,Teknik,1,Teknologi Informasi Kampus Kota Bogor (1),100%,,Teknologi Informasi Kampus Kota Bogor,Teknologi Informasi
24301,D4,Teknik,7,Teknologi Kimia Industri (3); Teknik Kimia Polimer (1); Teknik Kimia Produksi Bersih (1),43%,ya,Teknologi Kimia Industri,Teknik Kimia
56405,D3,Teknik,1,Teknologi Komputer (1),100%,,Teknologi Komputer,Teknik Komputer
56482,D3,Teknik,2,Teknologi Komputer (1); Teknologi Komputer Kampus Kabupaten Banyumas (1),50%,ya,Teknologi Komputer,Teknik Komputer
57310,D3,Teknik,1,Teknologi Komputer (1),100%,,Teknologi Komputer,Teknik Komputer
56483,D3,Teknik,1,Teknologi Komputer Kampus Kota Tegal (1),100%,,Teknologi Komputer Kampus Kota Tegal,Teknik Komputer
22404,D3,Teknik,2,Teknologi Konstruksi Bangunan Air (2),100%,,Teknologi Konstruksi Bangunan Air,Teknik Sipil
22406,D3,Teknik,1,Teknologi Konstruksi Jalan dan Jembatan (1),100%,,Teknologi Konstruksi Jalan dan Jembatan,Teknik Sipil
21418,D3,Teknik,1,Teknologi Konversi Energi (1),100%,,Teknologi Konversi Energi,Teknik Energi
23307,D4,Teknik,1,Teknologi Kosmetik (1),100%,,Teknologi Kosmetik,Teknologi Kosmetik
13450,D3,Teknik,28,Teknologi Laboratorium Medis (27); Teknologi Laborarotium Medis (1),96%,,Teknologi Laboratorium Medis,Teknologi Laboratorium Medis
20405,D3,Teknik,13,Teknologi Listrik (5); Teknik Listrik (3); Teknik Listrik Bandara (2),38%,ya,Teknologi Listrik,Teknik Elektro
21407,D3,Teknik,6,Teknologi Manufaktur (2); Mesin Otomotif (1); Teknik Manufaktur (1),33%,ya,Teknologi Manufaktur,Teknik Mesin
21420,D3,Teknik,1,Teknologi Mesin (1),100%,,Teknologi Mesin,Teknik Mesin
27401,D3,Teknik,2,Teknologi Metalurgi (1); Teknologi Metalurgi Industri Logam (1),50%,ya,Teknologi Metalurgi,Teknik Metalurgi
27301,D4,Teknik,2,Teknologi Metalurgi Ekstraksi (1); Teknologi Rekayasa Metalurgi (1),50%,ya,Teknologi Metalurgi Ekstraksi,Teknik Metalurgi
90447,D3,Teknik,1,Teknologi Multimedia Broadcasting (1),100%,,Teknologi Multimedia Broadcasting,Multimedia
41422,D3,Teknik,1,Teknologi Pangan (1),100%,,Teknologi Pangan,Teknologi Pangan
40407,D3,Teknik,6,Teknologi Pemeliharaan Pesawat Udara (3); Teknik Perawatan Pesawat Udara (1); Teknik Pesawat Udara (1),50%,ya,Teknologi Pemeliharaan Pesawat Udara,Teknik Pesawat Udara
31301,D3,Teknik,1,Teknologi Pertambangan (1),100%,,Teknologi Pertambangan,Teknik Pertambangan
41403,D3,Teknik,1,Teknologi Pulp dan Kertas (1),100%,,Teknologi Pulp dan Kertas,Teknologi Pulp dan Kertas
40303,D4,Teknik,1,Teknologi Rekayasa Aeronautika (1),100%,,Teknologi Rekayasa Aeronautika,Teknik Pesawat Udara
21308,D4,Teknik,6,Teknologi Rekayasa Energi Terbarukan (2); Teknologi Rekayasa Konversi Energi (2); Teknik Konservasi Energi (1),33%,ya,Teknologi Rekayasa Energi Terbarukan,Teknik Energi
21315,D4,Teknik,5,Teknologi Rekayasa Energi Terbarukan (4); Teknologi Rekayasa Energi Berkelanjutan (1),80%,,Teknologi Rekayasa Energi Terbarukan,Teknik Energi
35303,D4,Teknik,5,Teknologi Rekayasa Geomatika Dan Survei (2); Survei Pemetaan dan Informasi Geografis (1); Teknologi Rekayasa Penginderaan Jauh (1),40%,ya,Teknologi Rekayasa Geomatika Dan Survei,Teknik Geodesi
55303,D4,Teknik,1,Teknologi Rekayasa Informasi Pemerintahan (1),100%,,Teknologi Rekayasa Informasi Pemerintahan,Sistem Informasi
57308,D4,Teknik,2,Teknologi Rekayasa Informatika Industri (2),100%,,Teknologi Rekayasa Informatika Industri,Teknik Informatika
20303,D4,Teknik,13,Teknologi Rekayasa Instalasi Listrik (5); Teknik Listrik (3); Sistem Kelistrikan (1),38%,ya,Teknologi Rekayasa Instalasi Listrik,Teknik Elektro
20309,D4,Teknik,1,Teknologi Rekayasa Instalasi Listrik (1),100%,,Teknologi Rekayasa Instalasi Listrik,Teknik Elektro
30404,D4,Teknik,2,Teknologi Rekayasa Instrumentasi dan Kontrol (2),100%,,Teknologi Rekayasa Instrumentasi dan Kontrol,Teknik Instrumentasi
58303,D4,Teknik,3,Teknologi Rekayasa Internet (3),100%,,Teknologi Rekayasa Internet,Teknik Komputer
56306,D4,Teknik,2,Teknologi Rekayasa Jaringan (1); Teknologi Rekayasa Jaringan Komputer (1),50%,ya,Teknologi Rekayasa Jaringan,Teknik Komputer
20304,D4,Teknik,6,Teknologi Rekayasa Jaringan Telekomunikasi (3); Jaringan Telekomunikasi Digital (1); Teknik Multimedia Digital (1),50%,ya,Teknologi Rekayasa Jaringan Telekomunikasi,Teknik Telekomunikasi
38301,D4,Teknik,1,Teknologi Rekayasa Kelautan (1),100%,,Teknologi Rekayasa Kelautan,Teknik Kelautan
36307,D4,Teknik,1,Teknologi Rekayasa Kelistrikan Kapal (1),100%,,Teknologi Rekayasa Kelistrikan Kapal,Teknik Kelistrikan Kapal
24105,D4,Teknik,2,Teknologi Rekayasa Kimia Industri (2),100%,,Teknologi Rekayasa Kimia Industri,Teknik Kimia
24305,D4,Teknik,12,Teknologi Rekayasa Kimia Industri (5); Kimia Terapan (2); Analisis Kimia (1),42%,ya,Teknologi Rekayasa Kimia Industri,Teknik Kimia
24308,D4,Teknik,1,Teknologi Rekayasa Kimia Industri (1),100%,,Teknologi Rekayasa Kimia Industri,Teknik Kimia
56301,D4,Teknik,12,Teknologi Rekayasa Komputer (8); Teknik Komputer dan Jaringan (2); Teknik Komputer (1),67%,ya,Teknologi Rekayasa Komputer,Teknik Komputer
90351,D4,Teknik,6,Teknologi Rekayasa Komputer (6),100%,,Teknologi Rekayasa Komputer,Teknik Komputer
56307,D4,Teknik,1,Teknologi Rekayasa Komputer dan Jaringan (1),100%,,Teknologi Rekayasa Komputer dan Jaringan,Teknik Komputer
90350,D4,Teknik,1,Teknologi Rekayasa Komputer Grafis (1),100%,,Teknologi Rekayasa Komputer Grafis,Multimedia
56304,D4,Teknik,3,Teknologi Rekayasa Komputer Jaringan (2); Teknologi Rekayasa Internet (1),67%,ya,Teknologi Rekayasa Komputer Jaringan,Teknik Komputer
22305,D4,Teknik,9,Teknologi Rekayasa Konstruksi Bangunan Air (3); Teknik Sipil (2); Teknologi Rekayasa Konstruksi Bangunan Gedung (2),33%,ya,Teknologi Rekayasa Konstruksi Bangunan Air,Teknik Sipil
22311,D4,Teknik,1,Teknologi Rekayasa Konstruksi Bangunan Air (1),100%,,Teknologi Rekayasa Konstruksi Bangunan Air,Teknik Sipil
22303,D4,Teknik,14,Teknologi Rekayasa Konstruksi Bangunan Gedung (6); Teknik Perawatan Dan Perbaikan Gedung (2); Konstruksi Bangunan (1),43%,ya,Teknologi Rekayasa Konstruksi Bangunan Gedung,Teknik Sipil
22309,D4,Teknik,1,Teknologi Rekayasa Konstruksi Bangunan Gedung (1),100%,,Teknologi Rekayasa Konstruksi Bangunan Gedung,Teknik Sipil
22301,D4,Teknik,24,Teknologi Rekayasa Konstruksi Jalan dan Jembatan (10); Perancangan Jalan dan Jembatan (4); Teknik Perancangan Jalan Dan Jembatan (3),42%,ya,Teknologi Rekayasa Konstruksi Jalan dan Jembatan,Teknik Sipil
36305,D4,Teknik,3,Teknologi Rekayasa Konstruksi Perkapalan (2); Teknologi Rekayasa Arsitektur Perkapalan (1),67%,ya,Teknologi Rekayasa Konstruksi Perkapalan,Teknik Perkapalan
36309,D4,Teknik,1,Teknologi Rekayasa Konstruksi Perkapalan (1),100%,,Teknologi Rekayasa Konstruksi Perkapalan,Teknik Perkapalan
63316,D4,Teknik,5,Teknologi Rekayasa Logistik (5),100%,,Teknologi Rekayasa Logistik,Logistik
21314,D4,Teknik,1,Teknologi Rekayasa Manufaktur (1),100%,,Teknologi Rekayasa Manufaktur,Teknik Mesin
21317,D4,Teknik,8,Teknologi Rekayasa Manufaktur (8),100%,,Teknologi Rekayasa Manufaktur,Teknik Mesin
36301,D4,Teknik,13,Teknologi Rekayasa Manufaktur (7); Teknologi Rekayasa Perancangan Manufaktur (3); Perancangan Manufaktur (1),54%,ya,Teknologi Rekayasa Manufaktur,Teknik Mesin
28301,D4,Teknik,1,Teknologi Rekayasa Material Maju (1),100%,,Teknologi Rekayasa Material Maju,Teknik Metalurgi
21312,D4,Teknik,13,Teknologi Rekayasa Mekatronika (9); Teknik Mekatronika (3); Teknik Otomasi (1),69%,ya,Teknologi Rekayasa Mekatronika,Teknik Mekatronika
21316,D4,Teknik,4,Teknologi Rekayasa Mekatronika (4),100%,,Teknologi Rekayasa Mekatronika,Teknik Mekatronika
27302,D4,Teknik,1,Teknologi Rekayasa Metalurgi (1),100%,,Teknologi Rekayasa Metalurgi,Teknik Metalurgi
90346,D4,Teknik,12,Teknologi Rekayasa Multimedia (5); Teknologi Rekayasa Komputer Jaringan (3); Teknik Multimedia dan Jaringan (2),42%,ya,Teknologi Rekayasa Multimedia,Teknologi Rekayasa Multimedia
90349,D4,Teknik,6,Teknologi Rekayasa Multimedia (5); Teknologi Rekayasa Multimedia Grafis (1),83%,,Teknologi Rekayasa Multimedia,Multimedia
90353,D4,Teknik,1,Teknologi Rekayasa Multimedia (1),100%,,Teknologi Rekayasa Multimedia,Multimedia
36308,D4,Teknik,3,Teknologi Rekayasa Operasi Kapal (3),100%,,Teknologi Rekayasa Operasi Kapal,Nautika
36310,D4,Teknik,1,Teknologi Rekayasa Operasi Kapal (1),100%,,Teknologi Rekayasa Operasi Kapal,Nautika
36304,D4,Teknik,11,Teknologi Rekayasa Otomasi (7); Teknik Otomasi (2); Teknik Otomasi Industri (1),64%,ya,Teknologi Rekayasa Otomasi,Teknik Mekatronika
21304,D4,Teknik,19,Teknologi Rekayasa Otomotif (15); Mesin Otomotif (2); Teknologi Rekayasa Industri Otomotif (1),79%,,Teknologi Rekayasa Otomotif,Teknik Otomotif
21309,D4,Teknik,5,Teknologi Rekayasa Pembangkit Energi (5),100%,,Teknologi Rekayasa Pembangkit Energi,Teknik Energi
21313,D4,Teknik,5,Teknologi Rekayasa Pemeliharaan Alat Berat (4); Teknik Pengelolaan dan Perawatan Alat Berat (1),80%,,Teknologi Rekayasa Pemeliharaan Alat Berat,Teknik Mesin
21318,D4,Teknik,1,Teknologi Rekayasa Pemeliharaan Alat Berat (1),100%,,Teknologi Rekayasa Pemeliharaan Alat Berat,Teknik Mesin
40311,D4,Teknik,3,Teknologi Rekayasa Pemeliharaan Pesawat Udara (3),100%,,Teknologi Rekayasa Pemeliharaan Pesawat Udara,Teknik Pesawat Udara
36303,D4,Teknik,6,Teknologi Rekayasa Pengelasan dan Fabrikasi (4); Teknik Pengelasan (1); Teknologi Pengelasan Dan Fabrikasi (1),67%,ya,Teknologi Rekayasa Pengelasan dan Fabrikasi,Teknik Mesin
22308,D4,Teknik,1,Teknologi Rekayasa Pengelolaan Dan Pemeliharaan Bangunan Sipil (1),100%,,Teknologi Rekayasa Pengelolaan Dan Pemeliharaan Bangunan Sipil,Teknik Sipil
21320,D4,Teknik,1,Teknologi Rekayasa Pengemasan (1),100%,,Teknologi Rekayasa Pengemasan,Teknologi Grafika
24306,D4,Teknik,2,Teknologi Rekayasa Pengendalian Pencemaran Lingkungan (2),100%,,Teknologi Rekayasa Pengendalian Pencemaran Lingkungan,Teknik Lingkungan
58301,D4,Teknik,12,Teknologi Rekayasa Perangkat Lunak (7); Rekayasa Perangkat Lunak (3); Teknologi Rekayasa Komputer (1),58%,ya,Teknologi Rekayasa Perangkat Lunak,Rekayasa Perangkat Lunak
58302,D4,Teknik,34,Teknologi Rekayasa Perangkat Lunak (33); Teknologi Rekayasa Multimedia (1),97%,,Teknologi Rekayasa Perangkat Lunak,Rekayasa Perangkat Lunak
58304,D4,Teknik,1,Teknologi Rekayasa Perangkat Lunak (1),100%,,Teknologi Rekayasa Perangkat Lunak,Rekayasa Perangkat Lunak
36306,D4,Teknik,6,Teknologi Rekayasa Permesinan Kapal (6),100%,,Teknologi Rekayasa Permesinan Kapal,Permesinan Kapal
40302,D4,Teknik,1,Teknologi Rekayasa Persenjataan Militer (1),100%,,Teknologi Rekayasa Persenjataan Militer,Teknologi Rekayasa Persenjataan Militer
56208,D4,Teknik,1,Teknologi Rekayasa Robotika (1),100%,,Teknologi Rekayasa Robotika,Teknik Mekatronika
56210,D4,Teknik,1,Teknologi Rekayasa Sistem Aerial Nirawak (1),100%,,Teknologi Rekayasa Sistem Aerial Nirawak,Teknologi Rekayasa Sistem Aerial Nirawak
20307,D4,Teknik,18,Teknologi Rekayasa Sistem Elektronika (6); Teknologi Rekayasa Elektronika (5); Teknik Elektro (2),33%,ya,Teknologi Rekayasa Sistem Elektronika,Teknik Elektro
20310,D4,Teknik,1,Teknologi Rekayasa Sistem Elektronika (1),100%,,Teknologi Rekayasa Sistem Elektronika,Teknik Elektro
26303,D4,Teknik,1,Teknologi Rekayasa Sistem Mekanikal Minyak dan Gas (1),100%,,Teknologi Rekayasa Sistem Mekanikal Minyak dan Gas,Teknik Perminyakan
22408,D3,Teknik,3,Teknologi Sipil (2); Teknik Sipil (1),67%,ya,Teknologi Sipil,Teknik Sipil
54362,D4,Teknik,3,Teknologi Veteriner (2); Paramedik Veteriner (1),67%,ya,Teknologi Veteriner,Kesehatan Hewan
39201,S1,Teknik,4,Transportasi (3); Manajemen Transportasi (1),75%,,Transportasi,Transportasi
39302,D4,Teknik,1,Transportasi Darat (1),100%,,Transportasi Darat,Transportasi
39303,D4,Teknik,8,Transportasi Laut (8),100%,,Transportasi Laut,Manajemen Pelabuhan dan Pelayaran
